,Municipal waste,Industrial waste,Primary solid biofuels,Biogases,Liquid biofuels,Geothermal,Solar thermal,Hydro,Solar PV,"Tide, wave, ocean",Wind,Category,Year
0,0 GWh,0 GWh,0 GWh,0 GWh,0 GWh,0 GWh,0 GWh,13003 GWh,0 GWh,0 GWh,0 GWh,Gross elec generation,2004
1,0 TJ,0 TJ,0 TJ,0 TJ,0 TJ,0 TJ,0 TJ,UNIT N/A,UNIT N/A,UNIT N/A,UNIT N/A,Gross heat production,2004
2,0 TJ-net,0 TJ-net,150 TJ-net,0 TJ-net,0 kt,0 TJ,0 TJ,UNIT N/A,UNIT N/A,UNIT N/A,UNIT N/A,Production,2004
3,0 TJ-net,0 TJ-net,0 TJ-net,0 TJ-net,0 kt,0 TJ,0 TJ,UNIT N/A,UNIT N/A,UNIT N/A,UNIT N/A,Imports,2004
4,0 TJ-net,0 TJ-net,0 TJ-net,0 TJ-net,0 kt,0 TJ,0 TJ,UNIT N/A,UNIT N/A,UNIT N/A,UNIT N/A,Exports,2004
5,0 TJ-net,0 TJ-net,0 TJ-net,0 TJ-net,0 kt,0 TJ,0 TJ,UNIT N/A,UNIT N/A,UNIT N/A,UNIT N/A,Stock changes,2004
6,0 TJ-net,0 TJ-net,150 TJ-net,0 TJ-net,0 kt,0 TJ,0 TJ,UNIT N/A,UNIT N/A,UNIT N/A,UNIT N/A,Domestic supply,2004
7,0 TJ-net,0 TJ-net,0 TJ-net,0 TJ-net,0 kt,0 TJ,0 TJ,UNIT N/A,UNIT N/A,UNIT N/A,UNIT N/A,Statistical differences and transfers,2004
8,0 TJ-net,0 TJ-net,0 TJ-net,0 TJ-net,0 kt,0 TJ,0 TJ,UNIT N/A,UNIT N/A,UNIT N/A,UNIT N/A,Transformation,2004
9,0 TJ-net,0 TJ-net,0 TJ-net,0 TJ-net,0 kt,0 TJ,0 TJ,UNIT N/A,UNIT N/A,UNIT N/A,UNIT N/A,Electricity plants,2004
10,0 TJ-net,0 TJ-net,0 TJ-net,0 TJ-net,0 kt,0 TJ,0 TJ,UNIT N/A,UNIT N/A,UNIT N/A,UNIT N/A,CHP plants,2004
11,0 TJ-net,0 TJ-net,0 TJ-net,0 TJ-net,0 kt,0 TJ,0 TJ,UNIT N/A,UNIT N/A,UNIT N/A,UNIT N/A,Heat plants,2004
12,0 TJ-net,0 TJ-net,0 TJ-net,0 TJ-net,0 kt,0 TJ,0 TJ,UNIT N/A,UNIT N/A,UNIT N/A,UNIT N/A,Other transformation,2004
13,0 TJ-net,0 TJ-net,0 TJ-net,0 TJ-net,0 kt,0 TJ,0 TJ,UNIT N/A,UNIT N/A,UNIT N/A,UNIT N/A,Energy industry own use,2004
14,0 TJ-net,0 TJ-net,0 TJ-net,0 TJ-net,0 kt,0 TJ,0 TJ,UNIT N/A,UNIT N/A,UNIT N/A,UNIT N/A,Losses,2004
15,0 TJ-net,0 TJ-net,150 TJ-net,0 TJ-net,0 kt,0 TJ,0 TJ,UNIT N/A,UNIT N/A,UNIT N/A,UNIT N/A,Final consumption,2004
16,0 TJ-net,0 TJ-net,0 TJ-net,0 TJ-net,0 kt,0 TJ,0 TJ,UNIT N/A,UNIT N/A,UNIT N/A,UNIT N/A,Industry,2004
17,0 TJ-net,0 TJ-net,0 TJ-net,0 TJ-net,0 kt,0 TJ,0 TJ,UNIT N/A,UNIT N/A,UNIT N/A,UNIT N/A,Transport,2004
18,0 TJ-net,0 TJ-net,0 TJ-net,0 TJ-net,0 kt,0 TJ,0 TJ,UNIT N/A,UNIT N/A,UNIT N/A,UNIT N/A,Residential,2004
19,0 TJ-net,0 TJ-net,0 TJ-net,0 TJ-net,0 kt,0 TJ,0 TJ,UNIT N/A,UNIT N/A,UNIT N/A,UNIT N/A,Commercial and public services,2004
20,0 TJ-net,0 TJ-net,0 TJ-net,0 TJ-net,0 kt,0 TJ,0 TJ,UNIT N/A,UNIT N/A,UNIT N/A,UNIT N/A,Agriculture / forestry,2004
21,0 TJ-net,0 TJ-net,0 TJ-net,0 TJ-net,0 kt,0 TJ,0 TJ,UNIT N/A,UNIT N/A,UNIT N/A,UNIT N/A,Fishing,2004
22,0 TJ-net,0 TJ-net,150 TJ-net,0 TJ-net,0 kt,0 TJ,0 TJ,UNIT N/A,UNIT N/A,UNIT N/A,UNIT N/A,Other non-specified,2004
23,0 TJ-net,0 TJ-net,0 TJ-net,0 TJ-net,0 kt,0 TJ,0 TJ,UNIT N/A,UNIT N/A,UNIT N/A,UNIT N/A,Non-energy use,2004
0,0 GWh,0 GWh,0 GWh,0 GWh,0 GWh,0 GWh,0 GWh,12788 GWh,0 GWh,0 GWh,0 GWh,Gross elec generation,2005
1,0 TJ,0 TJ,0 TJ,0 TJ,0 TJ,0 TJ,0 TJ,UNIT N/A,UNIT N/A,UNIT N/A,UNIT N/A,Gross heat production,2005
2,0 TJ-net,0 TJ-net,150 TJ-net,0 TJ-net,0 kt,0 TJ,0 TJ,UNIT N/A,UNIT N/A,UNIT N/A,UNIT N/A,Production,2005
3,0 TJ-net,0 TJ-net,0 TJ-net,0 TJ-net,0 kt,0 TJ,0 TJ,UNIT N/A,UNIT N/A,UNIT N/A,UNIT N/A,Imports,2005
4,0 TJ-net,0 TJ-net,0 TJ-net,0 TJ-net,0 kt,0 TJ,0 TJ,UNIT N/A,UNIT N/A,UNIT N/A,UNIT N/A,Exports,2005
5,0 TJ-net,0 TJ-net,0 TJ-net,0 TJ-net,0 kt,0 TJ,0 TJ,UNIT N/A,UNIT N/A,UNIT N/A,UNIT N/A,Stock changes,2005
6,0 TJ-net,0 TJ-net,150 TJ-net,0 TJ-net,0 kt,0 TJ,0 TJ,UNIT N/A,UNIT N/A,UNIT N/A,UNIT N/A,Domestic supply,2005
7,0 TJ-net,0 TJ-net,0 TJ-net,0 TJ-net,0 kt,0 TJ,0 TJ,UNIT N/A,UNIT N/A,UNIT N/A,UNIT N/A,Statistical differences and transfers,2005
8,0 TJ-net,0 TJ-net,0 TJ-net,0 TJ-net,0 kt,0 TJ,0 TJ,UNIT N/A,UNIT N/A,UNIT N/A,UNIT N/A,Transformation,2005
9,0 TJ-net,0 TJ-net,0 TJ-net,0 TJ-net,0 kt,0 TJ,0 TJ,UNIT N/A,UNIT N/A,UNIT N/A,UNIT N/A,Electricity plants,2005
10,0 TJ-net,0 TJ-net,0 TJ-net,0 TJ-net,0 kt,0 TJ,0 TJ,UNIT N/A,UNIT N/A,UNIT N/A,UNIT N/A,CHP plants,2005
11,0 TJ-net,0 TJ-net,0 TJ-net,0 TJ-net,0 kt,0 TJ,0 TJ,UNIT N/A,UNIT N/A,UNIT N/A,UNIT N/A,Heat plants,2005
12,0 TJ-net,0 TJ-net,0 TJ-net,0 TJ-net,0 kt,0 TJ,0 TJ,UNIT N/A,UNIT N/A,UNIT N/A,UNIT N/A,Other transformation,2005
13,0 TJ-net,0 TJ-net,0 TJ-net,0 TJ-net,0 kt,0 TJ,0 TJ,UNIT N/A,UNIT N/A,UNIT N/A,UNIT N/A,Energy industry own use,2005
14,0 TJ-net,0 TJ-net,0 TJ-net,0 TJ-net,0 kt,0 TJ,0 TJ,UNIT N/A,UNIT N/A,UNIT N/A,UNIT N/A,Losses,2005
15,0 TJ-net,0 TJ-net,150 TJ-net,0 TJ-net,0 kt,0 TJ,0 TJ,UNIT N/A,UNIT N/A,UNIT N/A,UNIT N/A,Final consumption,2005
16,0 TJ-net,0 TJ-net,0 TJ-net,0 TJ-net,0 kt,0 TJ,0 TJ,UNIT N/A,UNIT N/A,UNIT N/A,UNIT N/A,Industry,2005
17,0 TJ-net,0 TJ-net,0 TJ-net,0 TJ-net,0 kt,0 TJ,0 TJ,UNIT N/A,UNIT N/A,UNIT N/A,UNIT N/A,Transport,2005
18,0 TJ-net,0 TJ-net,0 TJ-net,0 TJ-net,0 kt,0 TJ,0 TJ,UNIT N/A,UNIT N/A,UNIT N/A,UNIT N/A,Residential,2005
19,0 TJ-net,0 TJ-net,0 TJ-net,0 TJ-net,0 kt,0 TJ,0 TJ,UNIT N/A,UNIT N/A,UNIT N/A,UNIT N/A,Commercial and public services,2005
20,0 TJ-net,0 TJ-net,0 TJ-net,0 TJ-net,0 kt,0 TJ,0 TJ,UNIT N/A,UNIT N/A,UNIT N/A,UNIT N/A,Agriculture / forestry,2005
21,0 TJ-net,0 TJ-net,0 TJ-net,0 TJ-net,0 kt,0 TJ,0 TJ,UNIT N/A,UNIT N/A,UNIT N/A,UNIT N/A,Fishing,2005
22,0 TJ-net,0 TJ-net,150 TJ-net,0 TJ-net,0 kt,0 TJ,0 TJ,UNIT N/A,UNIT N/A,UNIT N/A,UNIT N/A,Other non-specified,2005
23,0 TJ-net,0 TJ-net,0 TJ-net,0 TJ-net,0 kt,0 TJ,0 TJ,UNIT N/A,UNIT N/A,UNIT N/A,UNIT N/A,Non-energy use,2005
0,0 GWh,0 GWh,0 GWh,0 GWh,0 GWh,0 GWh,0 GWh,12472 GWh,0 GWh,0 GWh,0 GWh,Gross elec generation,2006
1,0 TJ,0 TJ,0 TJ,0 TJ,0 TJ,0 TJ,0 TJ,UNIT N/A,UNIT N/A,UNIT N/A,UNIT N/A,Gross heat production,2006
2,0 TJ-net,0 TJ-net,150 TJ-net,0 TJ-net,0 kt,0 TJ,0 TJ,UNIT N/A,UNIT N/A,UNIT N/A,UNIT N/A,Production,2006
3,0 TJ-net,0 TJ-net,0 TJ-net,0 TJ-net,0 kt,0 TJ,0 TJ,UNIT N/A,UNIT N/A,UNIT N/A,UNIT N/A,Imports,2006
4,0 TJ-net,0 TJ-net,0 TJ-net,0 TJ-net,0 kt,0 TJ,0 TJ,UNIT N/A,UNIT N/A,UNIT N/A,UNIT N/A,Exports,2006
5,0 TJ-net,0 TJ-net,0 TJ-net,0 TJ-net,0 kt,0 TJ,0 TJ,UNIT N/A,UNIT N/A,UNIT N/A,UNIT N/A,Stock changes,2006
6,0 TJ-net,0 TJ-net,150 TJ-net,0 TJ-net,0 kt,0 TJ,0 TJ,UNIT N/A,UNIT N/A,UNIT N/A,UNIT N/A,Domestic supply,2006
7,0 TJ-net,0 TJ-net,0 TJ-net,0 TJ-net,0 kt,0 TJ,0 TJ,UNIT N/A,UNIT N/A,UNIT N/A,UNIT N/A,Statistical differences and transfers,2006
8,0 TJ-net,0 TJ-net,0 TJ-net,0 TJ-net,0 kt,0 TJ,0 TJ,UNIT N/A,UNIT N/A,UNIT N/A,UNIT N/A,Transformation,2006
9,0 TJ-net,0 TJ-net,0 TJ-net,0 TJ-net,0 kt,0 TJ,0 TJ,UNIT N/A,UNIT N/A,UNIT N/A,UNIT N/A,Electricity plants,2006
10,0 TJ-net,0 TJ-net,0 TJ-net,0 TJ-net,0 kt,0 TJ,0 TJ,UNIT N/A,UNIT N/A,UNIT N/A,UNIT N/A,CHP plants,2006
11,0 TJ-net,0 TJ-net,0 TJ-net,0 TJ-net,0 kt,0 TJ,0 TJ,UNIT N/A,UNIT N/A,UNIT N/A,UNIT N/A,Heat plants,2006
12,0 TJ-net,0 TJ-net,0 TJ-net,0 TJ-net,0 kt,0 TJ,0 TJ,UNIT N/A,UNIT N/A,UNIT N/A,UNIT N/A,Other transformation,2006
13,0 TJ-net,0 TJ-net,0 TJ-net,0 TJ-net,0 kt,0 TJ,0 TJ,UNIT N/A,UNIT N/A,UNIT N/A,UNIT N/A,Energy industry own use,2006
14,0 TJ-net,0 TJ-net,0 TJ-net,0 TJ-net,0 kt,0 TJ,0 TJ,UNIT N/A,UNIT N/A,UNIT N/A,UNIT N/A,Losses,2006
15,0 TJ-net,0 TJ-net,150 TJ-net,0 TJ-net,0 kt,0 TJ,0 TJ,UNIT N/A,UNIT N/A,UNIT N/A,UNIT N/A,Final consumption,2006
16,0 TJ-net,0 TJ-net,0 TJ-net,0 TJ-net,0 kt,0 TJ,0 TJ,UNIT N/A,UNIT N/A,UNIT N/A,UNIT N/A,Industry,2006
17,0 TJ-net,0 TJ-net,0 TJ-net,0 TJ-net,0 kt,0 TJ,0 TJ,UNIT N/A,UNIT N/A,UNIT N/A,UNIT N/A,Transport,2006
18,0 TJ-net,0 TJ-net,0 TJ-net,0 TJ-net,0 kt,0 TJ,0 TJ,UNIT N/A,UNIT N/A,UNIT N/A,UNIT N/A,Residential,2006
19,0 TJ-net,0 TJ-net,0 TJ-net,0 TJ-net,0 kt,0 TJ,0 TJ,UNIT N/A,UNIT N/A,UNIT N/A,UNIT N/A,Commercial and public services,2006
20,0 TJ-net,0 TJ-net,0 TJ-net,0 TJ-net,0 kt,0 TJ,0 TJ,UNIT N/A,UNIT N/A,UNIT N/A,UNIT N/A,Agriculture / forestry,2006
21,0 TJ-net,0 TJ-net,0 TJ-net,0 TJ-net,0 kt,0 TJ,0 TJ,UNIT N/A,UNIT N/A,UNIT N/A,UNIT N/A,Fishing,2006
22,0 TJ-net,0 TJ-net,150 TJ-net,0 TJ-net,0 kt,0 TJ,0 TJ,UNIT N/A,UNIT N/A,UNIT N/A,UNIT N/A,Other non-specified,2006
23,0 TJ-net,0 TJ-net,0 TJ-net,0 TJ-net,0 kt,0 TJ,0 TJ,UNIT N/A,UNIT N/A,UNIT N/A,UNIT N/A,Non-energy use,2006
0,0 GWh,0 GWh,0 GWh,0 GWh,0 GWh,0 GWh,0 GWh,12736 GWh,0 GWh,0 GWh,0 GWh,Gross elec generation,2007
1,0 TJ,0 TJ,0 TJ,0 TJ,0 TJ,0 TJ,0 TJ,UNIT N/A,UNIT N/A,UNIT N/A,UNIT N/A,Gross heat production,2007
2,0 TJ-net,0 TJ-net,151 TJ-net,0 TJ-net,0 kt,0 TJ,0 TJ,UNIT N/A,UNIT N/A,UNIT N/A,UNIT N/A,Production,2007
3,0 TJ-net,0 TJ-net,0 TJ-net,0 TJ-net,0 kt,0 TJ,0 TJ,UNIT N/A,UNIT N/A,UNIT N/A,UNIT N/A,Imports,2007
4,0 TJ-net,0 TJ-net,0 TJ-net,0 TJ-net,0 kt,0 TJ,0 TJ,UNIT N/A,UNIT N/A,UNIT N/A,UNIT N/A,Exports,2007
5,0 TJ-net,0 TJ-net,0 TJ-net,0 TJ-net,0 kt,0 TJ,0 TJ,UNIT N/A,UNIT N/A,UNIT N/A,UNIT N/A,Stock changes,2007
6,0 TJ-net,0 TJ-net,151 TJ-net,0 TJ-net,0 kt,0 TJ,0 TJ,UNIT N/A,UNIT N/A,UNIT N/A,UNIT N/A,Domestic supply,2007
7,0 TJ-net,0 TJ-net,0 TJ-net,0 TJ-net,0 kt,0 TJ,0 TJ,UNIT N/A,UNIT N/A,UNIT N/A,UNIT N/A,Statistical differences and transfers,2007
8,0 TJ-net,0 TJ-net,0 TJ-net,0 TJ-net,0 kt,0 TJ,0 TJ,UNIT N/A,UNIT N/A,UNIT N/A,UNIT N/A,Transformation,2007
9,0 TJ-net,0 TJ-net,0 TJ-net,0 TJ-net,0 kt,0 TJ,0 TJ,UNIT N/A,UNIT N/A,UNIT N/A,UNIT N/A,Electricity plants,2007
10,0 TJ-net,0 TJ-net,0 TJ-net,0 TJ-net,0 kt,0 TJ,0 TJ,UNIT N/A,UNIT N/A,UNIT N/A,UNIT N/A,CHP plants,2007
11,0 TJ-net,0 TJ-net,0 TJ-net,0 TJ-net,0 kt,0 TJ,0 TJ,UNIT N/A,UNIT N/A,UNIT N/A,UNIT N/A,Heat plants,2007
12,0 TJ-net,0 TJ-net,0 TJ-net,0 TJ-net,0 kt,0 TJ,0 TJ,UNIT N/A,UNIT N/A,UNIT N/A,UNIT N/A,Other transformation,2007
13,0 TJ-net,0 TJ-net,0 TJ-net,0 TJ-net,0 kt,0 TJ,0 TJ,UNIT N/A,UNIT N/A,UNIT N/A,UNIT N/A,Energy industry own use,2007
14,0 TJ-net,0 TJ-net,0 TJ-net,0 TJ-net,0 kt,0 TJ,0 TJ,UNIT N/A,UNIT N/A,UNIT N/A,UNIT N/A,Losses,2007
15,0 TJ-net,0 TJ-net,151 TJ-net,0 TJ-net,0 kt,0 TJ,0 TJ,UNIT N/A,UNIT N/A,UNIT N/A,UNIT N/A,Final consumption,2007
16,0 TJ-net,0 TJ-net,0 TJ-net,0 TJ-net,0 kt,0 TJ,0 TJ,UNIT N/A,UNIT N/A,UNIT N/A,UNIT N/A,Industry,2007
17,0 TJ-net,0 TJ-net,0 TJ-net,0 TJ-net,0 kt,0 TJ,0 TJ,UNIT N/A,UNIT N/A,UNIT N/A,UNIT N/A,Transport,2007
18,0 TJ-net,0 TJ-net,0 TJ-net,0 TJ-net,0 kt,0 TJ,0 TJ,UNIT N/A,UNIT N/A,UNIT N/A,UNIT N/A,Residential,2007
19,0 TJ-net,0 TJ-net,0 TJ-net,0 TJ-net,0 kt,0 TJ,0 TJ,UNIT N/A,UNIT N/A,UNIT N/A,UNIT N/A,Commercial and public services,2007
20,0 TJ-net,0 TJ-net,0 TJ-net,0 TJ-net,0 kt,0 TJ,0 TJ,UNIT N/A,UNIT N/A,UNIT N/A,UNIT N/A,Agriculture / forestry,2007
21,0 TJ-net,0 TJ-net,0 TJ-net,0 TJ-net,0 kt,0 TJ,0 TJ,UNIT N/A,UNIT N/A,UNIT N/A,UNIT N/A,Fishing,2007
22,0 TJ-net,0 TJ-net,151 TJ-net,0 TJ-net,0 kt,0 TJ,0 TJ,UNIT N/A,UNIT N/A,UNIT N/A,UNIT N/A,Other non-specified,2007
23,0 TJ-net,0 TJ-net,0 TJ-net,0 TJ-net,0 kt,0 TJ,0 TJ,UNIT N/A,UNIT N/A,UNIT N/A,UNIT N/A,Non-energy use,2007
0,0 GWh,0 GWh,0 GWh,0 GWh,0 GWh,0 GWh,0 GWh,10124 GWh,0 GWh,0 GWh,0 GWh,Gross elec generation,2008
1,0 TJ,0 TJ,0 TJ,0 TJ,0 TJ,0 TJ,0 TJ,UNIT N/A,UNIT N/A,UNIT N/A,UNIT N/A,Gross heat production,2008
2,0 TJ-net,0 TJ-net,152 TJ-net,0 TJ-net,0 kt,0 TJ,0 TJ,UNIT N/A,UNIT N/A,UNIT N/A,UNIT N/A,Production,2008
3,0 TJ-net,0 TJ-net,0 TJ-net,0 TJ-net,0 kt,0 TJ,0 TJ,UNIT N/A,UNIT N/A,UNIT N/A,UNIT N/A,Imports,2008
4,0 TJ-net,0 TJ-net,0 TJ-net,0 TJ-net,0 kt,0 TJ,0 TJ,UNIT N/A,UNIT N/A,UNIT N/A,UNIT N/A,Exports,2008
5,0 TJ-net,0 TJ-net,0 TJ-net,0 TJ-net,0 kt,0 TJ,0 TJ,UNIT N/A,UNIT N/A,UNIT N/A,UNIT N/A,Stock changes,2008
6,0 TJ-net,0 TJ-net,152 TJ-net,0 TJ-net,0 kt,0 TJ,0 TJ,UNIT N/A,UNIT N/A,UNIT N/A,UNIT N/A,Domestic supply,2008
7,0 TJ-net,0 TJ-net,0 TJ-net,0 TJ-net,0 kt,0 TJ,0 TJ,UNIT N/A,UNIT N/A,UNIT N/A,UNIT N/A,Statistical differences and transfers,2008
8,0 TJ-net,0 TJ-net,0 TJ-net,0 TJ-net,0 kt,0 TJ,0 TJ,UNIT N/A,UNIT N/A,UNIT N/A,UNIT N/A,Transformation,2008
9,0 TJ-net,0 TJ-net,0 TJ-net,0 TJ-net,0 kt,0 TJ,0 TJ,UNIT N/A,UNIT N/A,UNIT N/A,UNIT N/A,Electricity plants,2008
10,0 TJ-net,0 TJ-net,0 TJ-net,0 TJ-net,0 kt,0 TJ,0 TJ,UNIT N/A,UNIT N/A,UNIT N/A,UNIT N/A,CHP plants,2008
11,0 TJ-net,0 TJ-net,0 TJ-net,0 TJ-net,0 kt,0 TJ,0 TJ,UNIT N/A,UNIT N/A,UNIT N/A,UNIT N/A,Heat plants,2008
12,0 TJ-net,0 TJ-net,0 TJ-net,0 TJ-net,0 kt,0 TJ,0 TJ,UNIT N/A,UNIT N/A,UNIT N/A,UNIT N/A,Other transformation,2008
13,0 TJ-net,0 TJ-net,0 TJ-net,0 TJ-net,0 kt,0 TJ,0 TJ,UNIT N/A,UNIT N/A,UNIT N/A,UNIT N/A,Energy industry own use,2008
14,0 TJ-net,0 TJ-net,0 TJ-net,0 TJ-net,0 kt,0 TJ,0 TJ,UNIT N/A,UNIT N/A,UNIT N/A,UNIT N/A,Losses,2008
15,0 TJ-net,0 TJ-net,152 TJ-net,0 TJ-net,0 kt,0 TJ,0 TJ,UNIT N/A,UNIT N/A,UNIT N/A,UNIT N/A,Final consumption,2008
16,0 TJ-net,0 TJ-net,0 TJ-net,0 TJ-net,0 kt,0 TJ,0 TJ,UNIT N/A,UNIT N/A,UNIT N/A,UNIT N/A,Industry,2008
17,0 TJ-net,0 TJ-net,0 TJ-net,0 TJ-net,0 kt,0 TJ,0 TJ,UNIT N/A,UNIT N/A,UNIT N/A,UNIT N/A,Transport,2008
18,0 TJ-net,0 TJ-net,0 TJ-net,0 TJ-net,0 kt,0 TJ,0 TJ,UNIT N/A,UNIT N/A,UNIT N/A,UNIT N/A,Residential,2008
19,0 TJ-net,0 TJ-net,0 TJ-net,0 TJ-net,0 kt,0 TJ,0 TJ,UNIT N/A,UNIT N/A,UNIT N/A,UNIT N/A,Commercial and public services,2008
20,0 TJ-net,0 TJ-net,0 TJ-net,0 TJ-net,0 kt,0 TJ,0 TJ,UNIT N/A,UNIT N/A,UNIT N/A,UNIT N/A,Agriculture / forestry,2008
21,0 TJ-net,0 TJ-net,0 TJ-net,0 TJ-net,0 kt,0 TJ,0 TJ,UNIT N/A,UNIT N/A,UNIT N/A,UNIT N/A,Fishing,2008
22,0 TJ-net,0 TJ-net,152 TJ-net,0 TJ-net,0 kt,0 TJ,0 TJ,UNIT N/A,UNIT N/A,UNIT N/A,UNIT N/A,Other non-specified,2008
23,0 TJ-net,0 TJ-net,0 TJ-net,0 TJ-net,0 kt,0 TJ,0 TJ,UNIT N/A,UNIT N/A,UNIT N/A,UNIT N/A,Non-energy use,2008
0,0 GWh,0 GWh,0 GWh,0 GWh,0 GWh,0 GWh,0 GWh,10217 GWh,0 GWh,0 GWh,0 GWh,Gross elec generation,2009
1,0 TJ,0 TJ,0 TJ,0 TJ,0 TJ,0 TJ,0 TJ,UNIT N/A,UNIT N/A,UNIT N/A,UNIT N/A,Gross heat production,2009
2,0 TJ-net,0 TJ-net,154 TJ-net,0 TJ-net,0 kt,0 TJ,0 TJ,UNIT N/A,UNIT N/A,UNIT N/A,UNIT N/A,Production,2009
3,0 TJ-net,0 TJ-net,0 TJ-net,0 TJ-net,0 kt,0 TJ,0 TJ,UNIT N/A,UNIT N/A,UNIT N/A,UNIT N/A,Imports,2009
4,0 TJ-net,0 TJ-net,0 TJ-net,0 TJ-net,0 kt,0 TJ,0 TJ,UNIT N/A,UNIT N/A,UNIT N/A,UNIT N/A,Exports,2009
5,0 TJ-net,0 TJ-net,0 TJ-net,0 TJ-net,0 kt,0 TJ,0 TJ,UNIT N/A,UNIT N/A,UNIT N/A,UNIT N/A,Stock changes,2009
6,0 TJ-net,0 TJ-net,154 TJ-net,0 TJ-net,0 kt,0 TJ,0 TJ,UNIT N/A,UNIT N/A,UNIT N/A,UNIT N/A,Domestic supply,2009
7,0 TJ-net,0 TJ-net,0 TJ-net,0 TJ-net,0 kt,0 TJ,0 TJ,UNIT N/A,UNIT N/A,UNIT N/A,UNIT N/A,Statistical differences and transfers,2009
8,0 TJ-net,0 TJ-net,0 TJ-net,0 TJ-net,0 kt,0 TJ,0 TJ,UNIT N/A,UNIT N/A,UNIT N/A,UNIT N/A,Transformation,2009
9,0 TJ-net,0 TJ-net,0 TJ-net,0 TJ-net,0 kt,0 TJ,0 TJ,UNIT N/A,UNIT N/A,UNIT N/A,UNIT N/A,Electricity plants,2009
10,0 TJ-net,0 TJ-net,0 TJ-net,0 TJ-net,0 kt,0 TJ,0 TJ,UNIT N/A,UNIT N/A,UNIT N/A,UNIT N/A,CHP plants,2009
11,0 TJ-net,0 TJ-net,0 TJ-net,0 TJ-net,0 kt,0 TJ,0 TJ,UNIT N/A,UNIT N/A,UNIT N/A,UNIT N/A,Heat plants,2009
12,0 TJ-net,0 TJ-net,0 TJ-net,0 TJ-net,0 kt,0 TJ,0 TJ,UNIT N/A,UNIT N/A,UNIT N/A,UNIT N/A,Other transformation,2009
13,0 TJ-net,0 TJ-net,0 TJ-net,0 TJ-net,0 kt,0 TJ,0 TJ,UNIT N/A,UNIT N/A,UNIT N/A,UNIT N/A,Energy industry own use,2009
14,0 TJ-net,0 TJ-net,0 TJ-net,0 TJ-net,0 kt,0 TJ,0 TJ,UNIT N/A,UNIT N/A,UNIT N/A,UNIT N/A,Losses,2009
15,0 TJ-net,0 TJ-net,154 TJ-net,0 TJ-net,0 kt,0 TJ,0 TJ,UNIT N/A,UNIT N/A,UNIT N/A,UNIT N/A,Final consumption,2009
16,0 TJ-net,0 TJ-net,0 TJ-net,0 TJ-net,0 kt,0 TJ,0 TJ,UNIT N/A,UNIT N/A,UNIT N/A,UNIT N/A,Industry,2009
17,0 TJ-net,0 TJ-net,0 TJ-net,0 TJ-net,0 kt,0 TJ,0 TJ,UNIT N/A,UNIT N/A,UNIT N/A,UNIT N/A,Transport,2009
18,0 TJ-net,0 TJ-net,0 TJ-net,0 TJ-net,0 kt,0 TJ,0 TJ,UNIT N/A,UNIT N/A,UNIT N/A,UNIT N/A,Residential,2009
19,0 TJ-net,0 TJ-net,0 TJ-net,0 TJ-net,0 kt,0 TJ,0 TJ,UNIT N/A,UNIT N/A,UNIT N/A,UNIT N/A,Commercial and public services,2009
20,0 TJ-net,0 TJ-net,0 TJ-net,0 TJ-net,0 kt,0 TJ,0 TJ,UNIT N/A,UNIT N/A,UNIT N/A,UNIT N/A,Agriculture / forestry,2009
21,0 TJ-net,0 TJ-net,0 TJ-net,0 TJ-net,0 kt,0 TJ,0 TJ,UNIT N/A,UNIT N/A,UNIT N/A,UNIT N/A,Fishing,2009
22,0 TJ-net,0 TJ-net,154 TJ-net,0 TJ-net,0 kt,0 TJ,0 TJ,UNIT N/A,UNIT N/A,UNIT N/A,UNIT N/A,Other non-specified,2009
23,0 TJ-net,0 TJ-net,0 TJ-net,0 TJ-net,0 kt,0 TJ,0 TJ,UNIT N/A,UNIT N/A,UNIT N/A,UNIT N/A,Non-energy use,2009
0,0 GWh,0 GWh,0 GWh,0 GWh,0 GWh,0 GWh,0 GWh,11108 GWh,0 GWh,0 GWh,0 GWh,Gross elec generation,2010
1,0 TJ,0 TJ,0 TJ,0 TJ,0 TJ,0 TJ,0 TJ,UNIT N/A,UNIT N/A,UNIT N/A,UNIT N/A,Gross heat production,2010
2,0 TJ-net,0 TJ-net,156 TJ-net,0 TJ-net,0 kt,0 TJ,0 TJ,UNIT N/A,UNIT N/A,UNIT N/A,UNIT N/A,Production,2010
3,0 TJ-net,0 TJ-net,0 TJ-net,0 TJ-net,0 kt,0 TJ,0 TJ,UNIT N/A,UNIT N/A,UNIT N/A,UNIT N/A,Imports,2010
4,0 TJ-net,0 TJ-net,0 TJ-net,0 TJ-net,0 kt,0 TJ,0 TJ,UNIT N/A,UNIT N/A,UNIT N/A,UNIT N/A,Exports,2010
5,0 TJ-net,0 TJ-net,0 TJ-net,0 TJ-net,0 kt,0 TJ,0 TJ,UNIT N/A,UNIT N/A,UNIT N/A,UNIT N/A,Stock changes,2010
6,0 TJ-net,0 TJ-net,156 TJ-net,0 TJ-net,0 kt,0 TJ,0 TJ,UNIT N/A,UNIT N/A,UNIT N/A,UNIT N/A,Domestic supply,2010
7,0 TJ-net,0 TJ-net,0 TJ-net,0 TJ-net,0 kt,0 TJ,0 TJ,UNIT N/A,UNIT N/A,UNIT N/A,UNIT N/A,Statistical differences and transfers,2010
8,0 TJ-net,0 TJ-net,0 TJ-net,0 TJ-net,0 kt,0 TJ,0 TJ,UNIT N/A,UNIT N/A,UNIT N/A,UNIT N/A,Transformation,2010
9,0 TJ-net,0 TJ-net,0 TJ-net,0 TJ-net,0 kt,0 TJ,0 TJ,UNIT N/A,UNIT N/A,UNIT N/A,UNIT N/A,Electricity plants,2010
10,0 TJ-net,0 TJ-net,0 TJ-net,0 TJ-net,0 kt,0 TJ,0 TJ,UNIT N/A,UNIT N/A,UNIT N/A,UNIT N/A,CHP plants,2010
11,0 TJ-net,0 TJ-net,0 TJ-net,0 TJ-net,0 kt,0 TJ,0 TJ,UNIT N/A,UNIT N/A,UNIT N/A,UNIT N/A,Heat plants,2010
12,0 TJ-net,0 TJ-net,0 TJ-net,0 TJ-net,0 kt,0 TJ,0 TJ,UNIT N/A,UNIT N/A,UNIT N/A,UNIT N/A,Other transformation,2010
13,0 TJ-net,0 TJ-net,0 TJ-net,0 TJ-net,0 kt,0 TJ,0 TJ,UNIT N/A,UNIT N/A,UNIT N/A,UNIT N/A,Energy industry own use,2010
14,0 TJ-net,0 TJ-net,0 TJ-net,0 TJ-net,0 kt,0 TJ,0 TJ,UNIT N/A,UNIT N/A,UNIT N/A,UNIT N/A,Losses,2010
15,0 TJ-net,0 TJ-net,156 TJ-net,0 TJ-net,0 kt,0 TJ,0 TJ,UNIT N/A,UNIT N/A,UNIT N/A,UNIT N/A,Final consumption,2010
16,0 TJ-net,0 TJ-net,0 TJ-net,0 TJ-net,0 kt,0 TJ,0 TJ,UNIT N/A,UNIT N/A,UNIT N/A,UNIT N/A,Industry,2010
17,0 TJ-net,0 TJ-net,0 TJ-net,0 TJ-net,0 kt,0 TJ,0 TJ,UNIT N/A,UNIT N/A,UNIT N/A,UNIT N/A,Transport,2010
18,0 TJ-net,0 TJ-net,0 TJ-net,0 TJ-net,0 kt,0 TJ,0 TJ,UNIT N/A,UNIT N/A,UNIT N/A,UNIT N/A,Residential,2010
19,0 TJ-net,0 TJ-net,0 TJ-net,0 TJ-net,0 kt,0 TJ,0 TJ,UNIT N/A,UNIT N/A,UNIT N/A,UNIT N/A,Commercial and public services,2010
20,0 TJ-net,0 TJ-net,0 TJ-net,0 TJ-net,0 kt,0 TJ,0 TJ,UNIT N/A,UNIT N/A,UNIT N/A,UNIT N/A,Agriculture / forestry,2010
21,0 TJ-net,0 TJ-net,0 TJ-net,0 TJ-net,0 kt,0 TJ,0 TJ,UNIT N/A,UNIT N/A,UNIT N/A,UNIT N/A,Fishing,2010
22,0 TJ-net,0 TJ-net,156 TJ-net,0 TJ-net,0 kt,0 TJ,0 TJ,UNIT N/A,UNIT N/A,UNIT N/A,UNIT N/A,Other non-specified,2010
23,0 TJ-net,0 TJ-net,0 TJ-net,0 TJ-net,0 kt,0 TJ,0 TJ,UNIT N/A,UNIT N/A,UNIT N/A,UNIT N/A,Non-energy use,2010
0,0 GWh,0 GWh,0 GWh,0 GWh,0 GWh,0 GWh,0 GWh,14139 GWh,0 GWh,0 GWh,0 GWh,Gross elec generation,2011
1,0 TJ,0 TJ,0 TJ,0 TJ,0 TJ,0 TJ,0 TJ,UNIT N/A,UNIT N/A,UNIT N/A,UNIT N/A,Gross heat production,2011
2,0 TJ-net,0 TJ-net,158 TJ-net,0 TJ-net,0 kt,0 TJ,0 TJ,UNIT N/A,UNIT N/A,UNIT N/A,UNIT N/A,Production,2011
3,0 TJ-net,0 TJ-net,0 TJ-net,0 TJ-net,0 kt,0 TJ,0 TJ,UNIT N/A,UNIT N/A,UNIT N/A,UNIT N/A,Imports,2011
4,0 TJ-net,0 TJ-net,0 TJ-net,0 TJ-net,0 kt,0 TJ,0 TJ,UNIT N/A,UNIT N/A,UNIT N/A,UNIT N/A,Exports,2011
5,0 TJ-net,0 TJ-net,0 TJ-net,0 TJ-net,0 kt,0 TJ,0 TJ,UNIT N/A,UNIT N/A,UNIT N/A,UNIT N/A,Stock changes,2011
6,0 TJ-net,0 TJ-net,158 TJ-net,0 TJ-net,0 kt,0 TJ,0 TJ,UNIT N/A,UNIT N/A,UNIT N/A,UNIT N/A,Domestic supply,2011
7,0 TJ-net,0 TJ-net,0 TJ-net,0 TJ-net,0 kt,0 TJ,0 TJ,UNIT N/A,UNIT N/A,UNIT N/A,UNIT N/A,Statistical differences and transfers,2011
8,0 TJ-net,0 TJ-net,0 TJ-net,0 TJ-net,0 kt,0 TJ,0 TJ,UNIT N/A,UNIT N/A,UNIT N/A,UNIT N/A,Transformation,2011
9,0 TJ-net,0 TJ-net,0 TJ-net,0 TJ-net,0 kt,0 TJ,0 TJ,UNIT N/A,UNIT N/A,UNIT N/A,UNIT N/A,Electricity plants,2011
10,0 TJ-net,0 TJ-net,0 TJ-net,0 TJ-net,0 kt,0 TJ,0 TJ,UNIT N/A,UNIT N/A,UNIT N/A,UNIT N/A,CHP plants,2011
11,0 TJ-net,0 TJ-net,0 TJ-net,0 TJ-net,0 kt,0 TJ,0 TJ,UNIT N/A,UNIT N/A,UNIT N/A,UNIT N/A,Heat plants,2011
12,0 TJ-net,0 TJ-net,0 TJ-net,0 TJ-net,0 kt,0 TJ,0 TJ,UNIT N/A,UNIT N/A,UNIT N/A,UNIT N/A,Other transformation,2011
13,0 TJ-net,0 TJ-net,0 TJ-net,0 TJ-net,0 kt,0 TJ,0 TJ,UNIT N/A,UNIT N/A,UNIT N/A,UNIT N/A,Energy industry own use,2011
14,0 TJ-net,0 TJ-net,0 TJ-net,0 TJ-net,0 kt,0 TJ,0 TJ,UNIT N/A,UNIT N/A,UNIT N/A,UNIT N/A,Losses,2011
15,0 TJ-net,0 TJ-net,158 TJ-net,0 TJ-net,0 kt,0 TJ,0 TJ,UNIT N/A,UNIT N/A,UNIT N/A,UNIT N/A,Final consumption,2011
16,0 TJ-net,0 TJ-net,0 TJ-net,0 TJ-net,0 kt,0 TJ,0 TJ,UNIT N/A,UNIT N/A,UNIT N/A,UNIT N/A,Industry,2011
17,0 TJ-net,0 TJ-net,0 TJ-net,0 TJ-net,0 kt,0 TJ,0 TJ,UNIT N/A,UNIT N/A,UNIT N/A,UNIT N/A,Transport,2011
18,0 TJ-net,0 TJ-net,0 TJ-net,0 TJ-net,0 kt,0 TJ,0 TJ,UNIT N/A,UNIT N/A,UNIT N/A,UNIT N/A,Residential,2011
19,0 TJ-net,0 TJ-net,0 TJ-net,0 TJ-net,0 kt,0 TJ,0 TJ,UNIT N/A,UNIT N/A,UNIT N/A,UNIT N/A,Commercial and public services,2011
20,0 TJ-net,0 TJ-net,0 TJ-net,0 TJ-net,0 kt,0 TJ,0 TJ,UNIT N/A,UNIT N/A,UNIT N/A,UNIT N/A,Agriculture / forestry,2011
21,0 TJ-net,0 TJ-net,0 TJ-net,0 TJ-net,0 kt,0 TJ,0 TJ,UNIT N/A,UNIT N/A,UNIT N/A,UNIT N/A,Fishing,2011
22,0 TJ-net,0 TJ-net,158 TJ-net,0 TJ-net,0 kt,0 TJ,0 TJ,UNIT N/A,UNIT N/A,UNIT N/A,UNIT N/A,Other non-specified,2011
23,0 TJ-net,0 TJ-net,0 TJ-net,0 TJ-net,0 kt,0 TJ,0 TJ,UNIT N/A,UNIT N/A,UNIT N/A,UNIT N/A,Non-energy use,2011
0,0 GWh,0 GWh,0 GWh,0 GWh,0 GWh,0 GWh,0 GWh,14179 GWh,0 GWh,0 GWh,0 GWh,Gross elec generation,2012
1,0 TJ,0 TJ,0 TJ,0 TJ,0 TJ,0 TJ,0 TJ,UNIT N/A,UNIT N/A,UNIT N/A,UNIT N/A,Gross heat production,2012
2,0 TJ-net,0 TJ-net,160 TJ-net,0 TJ-net,0 kt,0 TJ,0 TJ,UNIT N/A,UNIT N/A,UNIT N/A,UNIT N/A,Production,2012
3,0 TJ-net,0 TJ-net,0 TJ-net,0 TJ-net,0 kt,0 TJ,0 TJ,UNIT N/A,UNIT N/A,UNIT N/A,UNIT N/A,Imports,2012
4,0 TJ-net,0 TJ-net,0 TJ-net,0 TJ-net,0 kt,0 TJ,0 TJ,UNIT N/A,UNIT N/A,UNIT N/A,UNIT N/A,Exports,2012
5,0 TJ-net,0 TJ-net,0 TJ-net,0 TJ-net,0 kt,0 TJ,0 TJ,UNIT N/A,UNIT N/A,UNIT N/A,UNIT N/A,Stock changes,2012
6,0 TJ-net,0 TJ-net,160 TJ-net,0 TJ-net,0 kt,0 TJ,0 TJ,UNIT N/A,UNIT N/A,UNIT N/A,UNIT N/A,Domestic supply,2012
7,0 TJ-net,0 TJ-net,0 TJ-net,0 TJ-net,0 kt,0 TJ,0 TJ,UNIT N/A,UNIT N/A,UNIT N/A,UNIT N/A,Statistical differences and transfers,2012
8,0 TJ-net,0 TJ-net,0 TJ-net,0 TJ-net,0 kt,0 TJ,0 TJ,UNIT N/A,UNIT N/A,UNIT N/A,UNIT N/A,Transformation,2012
9,0 TJ-net,0 TJ-net,0 TJ-net,0 TJ-net,0 kt,0 TJ,0 TJ,UNIT N/A,UNIT N/A,UNIT N/A,UNIT N/A,Electricity plants,2012
10,0 TJ-net,0 TJ-net,0 TJ-net,0 TJ-net,0 kt,0 TJ,0 TJ,UNIT N/A,UNIT N/A,UNIT N/A,UNIT N/A,CHP plants,2012
11,0 TJ-net,0 TJ-net,0 TJ-net,0 TJ-net,0 kt,0 TJ,0 TJ,UNIT N/A,UNIT N/A,UNIT N/A,UNIT N/A,Heat plants,2012
12,0 TJ-net,0 TJ-net,0 TJ-net,0 TJ-net,0 kt,0 TJ,0 TJ,UNIT N/A,UNIT N/A,UNIT N/A,UNIT N/A,Other transformation,2012
13,0 TJ-net,0 TJ-net,0 TJ-net,0 TJ-net,0 kt,0 TJ,0 TJ,UNIT N/A,UNIT N/A,UNIT N/A,UNIT N/A,Energy industry own use,2012
14,0 TJ-net,0 TJ-net,0 TJ-net,0 TJ-net,0 kt,0 TJ,0 TJ,UNIT N/A,UNIT N/A,UNIT N/A,UNIT N/A,Losses,2012
15,0 TJ-net,0 TJ-net,160 TJ-net,0 TJ-net,0 kt,0 TJ,0 TJ,UNIT N/A,UNIT N/A,UNIT N/A,UNIT N/A,Final consumption,2012
16,0 TJ-net,0 TJ-net,0 TJ-net,0 TJ-net,0 kt,0 TJ,0 TJ,UNIT N/A,UNIT N/A,UNIT N/A,UNIT N/A,Industry,2012
17,0 TJ-net,0 TJ-net,0 TJ-net,0 TJ-net,0 kt,0 TJ,0 TJ,UNIT N/A,UNIT N/A,UNIT N/A,UNIT N/A,Transport,2012
18,0 TJ-net,0 TJ-net,0 TJ-net,0 TJ-net,0 kt,0 TJ,0 TJ,UNIT N/A,UNIT N/A,UNIT N/A,UNIT N/A,Residential,2012
19,0 TJ-net,0 TJ-net,0 TJ-net,0 TJ-net,0 kt,0 TJ,0 TJ,UNIT N/A,UNIT N/A,UNIT N/A,UNIT N/A,Commercial and public services,2012
20,0 TJ-net,0 TJ-net,0 TJ-net,0 TJ-net,0 kt,0 TJ,0 TJ,UNIT N/A,UNIT N/A,UNIT N/A,UNIT N/A,Agriculture / forestry,2012
21,0 TJ-net,0 TJ-net,0 TJ-net,0 TJ-net,0 kt,0 TJ,0 TJ,UNIT N/A,UNIT N/A,UNIT N/A,UNIT N/A,Fishing,2012
22,0 TJ-net,0 TJ-net,160 TJ-net,0 TJ-net,0 kt,0 TJ,0 TJ,UNIT N/A,UNIT N/A,UNIT N/A,UNIT N/A,Other non-specified,2012
23,0 TJ-net,0 TJ-net,0 TJ-net,0 TJ-net,0 kt,0 TJ,0 TJ,UNIT N/A,UNIT N/A,UNIT N/A,UNIT N/A,Non-energy use,2012
0,0 GWh,0 GWh,0 GWh,0 GWh,0 GWh,0 GWh,0 GWh,13097 GWh,0 GWh,0 GWh,0 GWh,Gross elec generation,2013
1,0 TJ,0 TJ,0 TJ,0 TJ,0 TJ,0 TJ,0 TJ,UNIT N/A,UNIT N/A,UNIT N/A,UNIT N/A,Gross heat production,2013
2,0 TJ-net,0 TJ-net,140 TJ-net,0 TJ-net,0 kt,0 TJ,0 TJ,UNIT N/A,UNIT N/A,UNIT N/A,UNIT N/A,Production,2013
3,0 TJ-net,0 TJ-net,0 TJ-net,0 TJ-net,0 kt,0 TJ,0 TJ,UNIT N/A,UNIT N/A,UNIT N/A,UNIT N/A,Imports,2013
4,0 TJ-net,0 TJ-net,0 TJ-net,0 TJ-net,0 kt,0 TJ,0 TJ,UNIT N/A,UNIT N/A,UNIT N/A,UNIT N/A,Exports,2013
5,0 TJ-net,0 TJ-net,0 TJ-net,0 TJ-net,0 kt,0 TJ,0 TJ,UNIT N/A,UNIT N/A,UNIT N/A,UNIT N/A,Stock changes,2013
6,0 TJ-net,0 TJ-net,140 TJ-net,0 TJ-net,0 kt,0 TJ,0 TJ,UNIT N/A,UNIT N/A,UNIT N/A,UNIT N/A,Domestic supply,2013
7,0 TJ-net,0 TJ-net,0 TJ-net,0 TJ-net,0 kt,0 TJ,0 TJ,UNIT N/A,UNIT N/A,UNIT N/A,UNIT N/A,Statistical differences and transfers,2013
8,0 TJ-net,0 TJ-net,0 TJ-net,0 TJ-net,0 kt,0 TJ,0 TJ,UNIT N/A,UNIT N/A,UNIT N/A,UNIT N/A,Transformation,2013
9,0 TJ-net,0 TJ-net,0 TJ-net,0 TJ-net,0 kt,0 TJ,0 TJ,UNIT N/A,UNIT N/A,UNIT N/A,UNIT N/A,Electricity plants,2013
10,0 TJ-net,0 TJ-net,0 TJ-net,0 TJ-net,0 kt,0 TJ,0 TJ,UNIT N/A,UNIT N/A,UNIT N/A,UNIT N/A,CHP plants,2013
11,0 TJ-net,0 TJ-net,0 TJ-net,0 TJ-net,0 kt,0 TJ,0 TJ,UNIT N/A,UNIT N/A,UNIT N/A,UNIT N/A,Heat plants,2013
12,0 TJ-net,0 TJ-net,0 TJ-net,0 TJ-net,0 kt,0 TJ,0 TJ,UNIT N/A,UNIT N/A,UNIT N/A,UNIT N/A,Other transformation,2013
13,0 TJ-net,0 TJ-net,0 TJ-net,0 TJ-net,0 kt,0 TJ,0 TJ,UNIT N/A,UNIT N/A,UNIT N/A,UNIT N/A,Energy industry own use,2013
14,0 TJ-net,0 TJ-net,0 TJ-net,0 TJ-net,0 kt,0 TJ,0 TJ,UNIT N/A,UNIT N/A,UNIT N/A,UNIT N/A,Losses,2013
15,0 TJ-net,0 TJ-net,140 TJ-net,0 TJ-net,0 kt,0 TJ,0 TJ,UNIT N/A,UNIT N/A,UNIT N/A,UNIT N/A,Final consumption,2013
16,0 TJ-net,0 TJ-net,0 TJ-net,0 TJ-net,0 kt,0 TJ,0 TJ,UNIT N/A,UNIT N/A,UNIT N/A,UNIT N/A,Industry,2013
17,0 TJ-net,0 TJ-net,0 TJ-net,0 TJ-net,0 kt,0 TJ,0 TJ,UNIT N/A,UNIT N/A,UNIT N/A,UNIT N/A,Transport,2013
18,0 TJ-net,0 TJ-net,124 TJ-net,0 TJ-net,0 kt,0 TJ,0 TJ,UNIT N/A,UNIT N/A,UNIT N/A,UNIT N/A,Residential,2013
19,0 TJ-net,0 TJ-net,0 TJ-net,0 TJ-net,0 kt,0 TJ,0 TJ,UNIT N/A,UNIT N/A,UNIT N/A,UNIT N/A,Commercial and public services,2013
20,0 TJ-net,0 TJ-net,0 TJ-net,0 TJ-net,0 kt,0 TJ,0 TJ,UNIT N/A,UNIT N/A,UNIT N/A,UNIT N/A,Agriculture / forestry,2013
21,0 TJ-net,0 TJ-net,0 TJ-net,0 TJ-net,0 kt,0 TJ,0 TJ,UNIT N/A,UNIT N/A,UNIT N/A,UNIT N/A,Fishing,2013
22,0 TJ-net,0 TJ-net,16 TJ-net,0 TJ-net,0 kt,0 TJ,0 TJ,UNIT N/A,UNIT N/A,UNIT N/A,UNIT N/A,Other non-specified,2013
23,0 TJ-net,0 TJ-net,0 TJ-net,0 TJ-net,0 kt,0 TJ,0 TJ,UNIT N/A,UNIT N/A,UNIT N/A,UNIT N/A,Non-energy use,2013
0,0 GWh,0 GWh,0 GWh,0 GWh,0 GWh,0 GWh,0 GWh,13298 GWh,0 GWh,0 GWh,0 GWh,Gross elec generation,2014
1,0 TJ,0 TJ,0 TJ,0 TJ,0 TJ,0 TJ,0 TJ,UNIT N/A,UNIT N/A,UNIT N/A,UNIT N/A,Gross heat production,2014
2,0 TJ-net,0 TJ-net,130 TJ-net,0 TJ-net,0 kt,0 TJ,0 TJ,UNIT N/A,UNIT N/A,UNIT N/A,UNIT N/A,Production,2014
3,0 TJ-net,0 TJ-net,0 TJ-net,0 TJ-net,0 kt,0 TJ,0 TJ,UNIT N/A,UNIT N/A,UNIT N/A,UNIT N/A,Imports,2014
4,0 TJ-net,0 TJ-net,0 TJ-net,0 TJ-net,0 kt,0 TJ,0 TJ,UNIT N/A,UNIT N/A,UNIT N/A,UNIT N/A,Exports,2014
5,0 TJ-net,0 TJ-net,0 TJ-net,0 TJ-net,0 kt,0 TJ,0 TJ,UNIT N/A,UNIT N/A,UNIT N/A,UNIT N/A,Stock changes,2014
6,0 TJ-net,0 TJ-net,130 TJ-net,0 TJ-net,0 kt,0 TJ,0 TJ,UNIT N/A,UNIT N/A,UNIT N/A,UNIT N/A,Domestic supply,2014
7,0 TJ-net,0 TJ-net,0 TJ-net,0 TJ-net,0 kt,0 TJ,0 TJ,UNIT N/A,UNIT N/A,UNIT N/A,UNIT N/A,Statistical differences and transfers,2014
8,0 TJ-net,0 TJ-net,0 TJ-net,0 TJ-net,0 kt,0 TJ,0 TJ,UNIT N/A,UNIT N/A,UNIT N/A,UNIT N/A,Transformation,2014
9,0 TJ-net,0 TJ-net,0 TJ-net,0 TJ-net,0 kt,0 TJ,0 TJ,UNIT N/A,UNIT N/A,UNIT N/A,UNIT N/A,Electricity plants,2014
10,0 TJ-net,0 TJ-net,0 TJ-net,0 TJ-net,0 kt,0 TJ,0 TJ,UNIT N/A,UNIT N/A,UNIT N/A,UNIT N/A,CHP plants,2014
11,0 TJ-net,0 TJ-net,0 TJ-net,0 TJ-net,0 kt,0 TJ,0 TJ,UNIT N/A,UNIT N/A,UNIT N/A,UNIT N/A,Heat plants,2014
12,0 TJ-net,0 TJ-net,0 TJ-net,0 TJ-net,0 kt,0 TJ,0 TJ,UNIT N/A,UNIT N/A,UNIT N/A,UNIT N/A,Other transformation,2014
13,0 TJ-net,0 TJ-net,0 TJ-net,0 TJ-net,0 kt,0 TJ,0 TJ,UNIT N/A,UNIT N/A,UNIT N/A,UNIT N/A,Energy industry own use,2014
14,0 TJ-net,0 TJ-net,9 TJ-net,0 TJ-net,0 kt,0 TJ,0 TJ,UNIT N/A,UNIT N/A,UNIT N/A,UNIT N/A,Losses,2014
15,0 TJ-net,0 TJ-net,121 TJ-net,0 TJ-net,0 kt,0 TJ,0 TJ,UNIT N/A,UNIT N/A,UNIT N/A,UNIT N/A,Final consumption,2014
16,0 TJ-net,0 TJ-net,0 TJ-net,0 TJ-net,0 kt,0 TJ,0 TJ,UNIT N/A,UNIT N/A,UNIT N/A,UNIT N/A,Industry,2014
17,0 TJ-net,0 TJ-net,0 TJ-net,0 TJ-net,0 kt,0 TJ,0 TJ,UNIT N/A,UNIT N/A,UNIT N/A,UNIT N/A,Transport,2014
18,0 TJ-net,0 TJ-net,102 TJ-net,0 TJ-net,0 kt,0 TJ,0 TJ,UNIT N/A,UNIT N/A,UNIT N/A,UNIT N/A,Residential,2014
19,0 TJ-net,0 TJ-net,0 TJ-net,0 TJ-net,0 kt,0 TJ,0 TJ,UNIT N/A,UNIT N/A,UNIT N/A,UNIT N/A,Commercial and public services,2014
20,0 TJ-net,0 TJ-net,0 TJ-net,0 TJ-net,0 kt,0 TJ,0 TJ,UNIT N/A,UNIT N/A,UNIT N/A,UNIT N/A,Agriculture / forestry,2014
21,0 TJ-net,0 TJ-net,0 TJ-net,0 TJ-net,0 kt,0 TJ,0 TJ,UNIT N/A,UNIT N/A,UNIT N/A,UNIT N/A,Fishing,2014
22,0 TJ-net,0 TJ-net,19 TJ-net,0 TJ-net,0 kt,0 TJ,0 TJ,UNIT N/A,UNIT N/A,UNIT N/A,UNIT N/A,Other non-specified,2014
23,0 TJ-net,0 TJ-net,0 TJ-net,0 TJ-net,0 kt,0 TJ,0 TJ,UNIT N/A,UNIT N/A,UNIT N/A,UNIT N/A,Non-energy use,2014
0,0 GWh,0 GWh,0 GWh,0 GWh,0 GWh,0 GWh,0 GWh,11100 GWh,0 GWh,0 GWh,0 GWh,Gross elec generation,2015
1,0 TJ,0 TJ,0 TJ,0 TJ,0 TJ,0 TJ,0 TJ,UNIT N/A,UNIT N/A,UNIT N/A,UNIT N/A,Gross heat production,2015
2,0 TJ-net,0 TJ-net,130 TJ-net,0 TJ-net,0 kt,0 TJ,0 TJ,UNIT N/A,UNIT N/A,UNIT N/A,UNIT N/A,Production,2015
3,0 TJ-net,0 TJ-net,0 TJ-net,0 TJ-net,0 kt,0 TJ,0 TJ,UNIT N/A,UNIT N/A,UNIT N/A,UNIT N/A,Imports,2015
4,0 TJ-net,0 TJ-net,0 TJ-net,0 TJ-net,0 kt,0 TJ,0 TJ,UNIT N/A,UNIT N/A,UNIT N/A,UNIT N/A,Exports,2015
5,0 TJ-net,0 TJ-net,0 TJ-net,0 TJ-net,0 kt,0 TJ,0 TJ,UNIT N/A,UNIT N/A,UNIT N/A,UNIT N/A,Stock changes,2015
6,0 TJ-net,0 TJ-net,130 TJ-net,0 TJ-net,0 kt,0 TJ,0 TJ,UNIT N/A,UNIT N/A,UNIT N/A,UNIT N/A,Domestic supply,2015
7,0 TJ-net,0 TJ-net,0 TJ-net,0 TJ-net,0 kt,0 TJ,0 TJ,UNIT N/A,UNIT N/A,UNIT N/A,UNIT N/A,Statistical differences and transfers,2015
8,0 TJ-net,0 TJ-net,0 TJ-net,0 TJ-net,0 kt,0 TJ,0 TJ,UNIT N/A,UNIT N/A,UNIT N/A,UNIT N/A,Transformation,2015
9,0 TJ-net,0 TJ-net,0 TJ-net,0 TJ-net,0 kt,0 TJ,0 TJ,UNIT N/A,UNIT N/A,UNIT N/A,UNIT N/A,Electricity plants,2015
10,0 TJ-net,0 TJ-net,0 TJ-net,0 TJ-net,0 kt,0 TJ,0 TJ,UNIT N/A,UNIT N/A,UNIT N/A,UNIT N/A,CHP plants,2015
11,0 TJ-net,0 TJ-net,0 TJ-net,0 TJ-net,0 kt,0 TJ,0 TJ,UNIT N/A,UNIT N/A,UNIT N/A,UNIT N/A,Heat plants,2015
12,0 TJ-net,0 TJ-net,0 TJ-net,0 TJ-net,0 kt,0 TJ,0 TJ,UNIT N/A,UNIT N/A,UNIT N/A,UNIT N/A,Other transformation,2015
13,0 TJ-net,0 TJ-net,0 TJ-net,0 TJ-net,0 kt,0 TJ,0 TJ,UNIT N/A,UNIT N/A,UNIT N/A,UNIT N/A,Energy industry own use,2015
14,0 TJ-net,0 TJ-net,9 TJ-net,0 TJ-net,0 kt,0 TJ,0 TJ,UNIT N/A,UNIT N/A,UNIT N/A,UNIT N/A,Losses,2015
15,0 TJ-net,0 TJ-net,121 TJ-net,0 TJ-net,0 kt,0 TJ,0 TJ,UNIT N/A,UNIT N/A,UNIT N/A,UNIT N/A,Final consumption,2015
16,0 TJ-net,0 TJ-net,0 TJ-net,0 TJ-net,0 kt,0 TJ,0 TJ,UNIT N/A,UNIT N/A,UNIT N/A,UNIT N/A,Industry,2015
17,0 TJ-net,0 TJ-net,0 TJ-net,0 TJ-net,0 kt,0 TJ,0 TJ,UNIT N/A,UNIT N/A,UNIT N/A,UNIT N/A,Transport,2015
18,0 TJ-net,0 TJ-net,102 TJ-net,0 TJ-net,0 kt,0 TJ,0 TJ,UNIT N/A,UNIT N/A,UNIT N/A,UNIT N/A,Residential,2015
19,0 TJ-net,0 TJ-net,0 TJ-net,0 TJ-net,0 kt,0 TJ,0 TJ,UNIT N/A,UNIT N/A,UNIT N/A,UNIT N/A,Commercial and public services,2015
20,0 TJ-net,0 TJ-net,0 TJ-net,0 TJ-net,0 kt,0 TJ,0 TJ,UNIT N/A,UNIT N/A,UNIT N/A,UNIT N/A,Agriculture / forestry,2015
21,0 TJ-net,0 TJ-net,0 TJ-net,0 TJ-net,0 kt,0 TJ,0 TJ,UNIT N/A,UNIT N/A,UNIT N/A,UNIT N/A,Fishing,2015
22,0 TJ-net,0 TJ-net,19 TJ-net,0 TJ-net,0 kt,0 TJ,0 TJ,UNIT N/A,UNIT N/A,UNIT N/A,UNIT N/A,Other non-specified,2015
23,0 TJ-net,0 TJ-net,0 TJ-net,0 TJ-net,0 kt,0 TJ,0 TJ,UNIT N/A,UNIT N/A,UNIT N/A,UNIT N/A,Non-energy use,2015
0,0 GWh,0 GWh,0 GWh,0 GWh,0 GWh,0 GWh,0 GWh,11494 GWh,0 GWh,0 GWh,0 GWh,Gross elec generation,2016
1,0 TJ,0 TJ,0 TJ,0 TJ,0 TJ,0 TJ,0 TJ,UNIT N/A,UNIT N/A,UNIT N/A,UNIT N/A,Gross heat production,2016
2,0 TJ-net,0 TJ-net,43 TJ-net,0 TJ-net,0 kt,0 TJ,0 TJ,UNIT N/A,UNIT N/A,UNIT N/A,UNIT N/A,Production,2016
3,0 TJ-net,0 TJ-net,0 TJ-net,0 TJ-net,0 kt,0 TJ,0 TJ,UNIT N/A,UNIT N/A,UNIT N/A,UNIT N/A,Imports,2016
4,0 TJ-net,0 TJ-net,0 TJ-net,0 TJ-net,0 kt,0 TJ,0 TJ,UNIT N/A,UNIT N/A,UNIT N/A,UNIT N/A,Exports,2016
5,0 TJ-net,0 TJ-net,0 TJ-net,0 TJ-net,0 kt,0 TJ,0 TJ,UNIT N/A,UNIT N/A,UNIT N/A,UNIT N/A,Stock changes,2016
6,0 TJ-net,0 TJ-net,43 TJ-net,0 TJ-net,0 kt,0 TJ,0 TJ,UNIT N/A,UNIT N/A,UNIT N/A,UNIT N/A,Domestic supply,2016
7,0 TJ-net,0 TJ-net,0 TJ-net,0 TJ-net,0 kt,0 TJ,0 TJ,UNIT N/A,UNIT N/A,UNIT N/A,UNIT N/A,Statistical differences and transfers,2016
8,0 TJ-net,0 TJ-net,0 TJ-net,0 TJ-net,0 kt,0 TJ,0 TJ,UNIT N/A,UNIT N/A,UNIT N/A,UNIT N/A,Transformation,2016
9,0 TJ-net,0 TJ-net,0 TJ-net,0 TJ-net,0 kt,0 TJ,0 TJ,UNIT N/A,UNIT N/A,UNIT N/A,UNIT N/A,Electricity plants,2016
10,0 TJ-net,0 TJ-net,0 TJ-net,0 TJ-net,0 kt,0 TJ,0 TJ,UNIT N/A,UNIT N/A,UNIT N/A,UNIT N/A,CHP plants,2016
11,0 TJ-net,0 TJ-net,0 TJ-net,0 TJ-net,0 kt,0 TJ,0 TJ,UNIT N/A,UNIT N/A,UNIT N/A,UNIT N/A,Heat plants,2016
12,0 TJ-net,0 TJ-net,0 TJ-net,0 TJ-net,0 kt,0 TJ,0 TJ,UNIT N/A,UNIT N/A,UNIT N/A,UNIT N/A,Other transformation,2016
13,0 TJ-net,0 TJ-net,0 TJ-net,0 TJ-net,0 kt,0 TJ,0 TJ,UNIT N/A,UNIT N/A,UNIT N/A,UNIT N/A,Energy industry own use,2016
14,0 TJ-net,0 TJ-net,0 TJ-net,0 TJ-net,0 kt,0 TJ,0 TJ,UNIT N/A,UNIT N/A,UNIT N/A,UNIT N/A,Losses,2016
15,0 TJ-net,0 TJ-net,43 TJ-net,0 TJ-net,0 kt,0 TJ,0 TJ,UNIT N/A,UNIT N/A,UNIT N/A,UNIT N/A,Final consumption,2016
16,0 TJ-net,0 TJ-net,0 TJ-net,0 TJ-net,0 kt,0 TJ,0 TJ,UNIT N/A,UNIT N/A,UNIT N/A,UNIT N/A,Industry,2016
17,0 TJ-net,0 TJ-net,0 TJ-net,0 TJ-net,0 kt,0 TJ,0 TJ,UNIT N/A,UNIT N/A,UNIT N/A,UNIT N/A,Transport,2016
18,0 TJ-net,0 TJ-net,41 TJ-net,0 TJ-net,0 kt,0 TJ,0 TJ,UNIT N/A,UNIT N/A,UNIT N/A,UNIT N/A,Residential,2016
19,0 TJ-net,0 TJ-net,0 TJ-net,0 TJ-net,0 kt,0 TJ,0 TJ,UNIT N/A,UNIT N/A,UNIT N/A,UNIT N/A,Commercial and public services,2016
20,0 TJ-net,0 TJ-net,1 TJ-net,0 TJ-net,0 kt,0 TJ,0 TJ,UNIT N/A,UNIT N/A,UNIT N/A,UNIT N/A,Agriculture / forestry,2016
21,0 TJ-net,0 TJ-net,0 TJ-net,0 TJ-net,0 kt,0 TJ,0 TJ,UNIT N/A,UNIT N/A,UNIT N/A,UNIT N/A,Fishing,2016
22,0 TJ-net,0 TJ-net,1 TJ-net,0 TJ-net,0 kt,0 TJ,0 TJ,UNIT N/A,UNIT N/A,UNIT N/A,UNIT N/A,Other non-specified,2016
23,0 TJ-net,0 TJ-net,0 TJ-net,0 TJ-net,0 kt,0 TJ,0 TJ,UNIT N/A,UNIT N/A,UNIT N/A,UNIT N/A,Non-energy use,2016
0,0 GWh,0 GWh,0 GWh,0 GWh,0 GWh,0 GWh,0 GWh,14203 GWh,0 GWh,0 GWh,0 GWh,Gross elec generation,2017
1,0 TJ,0 TJ,0 TJ,0 TJ,0 TJ,0 TJ,0 TJ,UNIT N/A,UNIT N/A,UNIT N/A,UNIT N/A,Gross heat production,2017
2,0 TJ-net,0 TJ-net,60 TJ-net,0 TJ-net,0 kt,0 TJ,0 TJ,UNIT N/A,UNIT N/A,UNIT N/A,UNIT N/A,Production,2017
3,0 TJ-net,0 TJ-net,0 TJ-net,0 TJ-net,0 kt,0 TJ,0 TJ,UNIT N/A,UNIT N/A,UNIT N/A,UNIT N/A,Imports,2017
4,0 TJ-net,0 TJ-net,0 TJ-net,0 TJ-net,0 kt,0 TJ,0 TJ,UNIT N/A,UNIT N/A,UNIT N/A,UNIT N/A,Exports,2017
5,0 TJ-net,0 TJ-net,0 TJ-net,0 TJ-net,0 kt,0 TJ,0 TJ,UNIT N/A,UNIT N/A,UNIT N/A,UNIT N/A,Stock changes,2017
6,0 TJ-net,0 TJ-net,60 TJ-net,0 TJ-net,0 kt,0 TJ,0 TJ,UNIT N/A,UNIT N/A,UNIT N/A,UNIT N/A,Domestic supply,2017
7,0 TJ-net,0 TJ-net,0 TJ-net,0 TJ-net,0 kt,0 TJ,0 TJ,UNIT N/A,UNIT N/A,UNIT N/A,UNIT N/A,Statistical differences and transfers,2017
8,0 TJ-net,0 TJ-net,0 TJ-net,0 TJ-net,0 kt,0 TJ,0 TJ,UNIT N/A,UNIT N/A,UNIT N/A,UNIT N/A,Transformation,2017
9,0 TJ-net,0 TJ-net,0 TJ-net,0 TJ-net,0 kt,0 TJ,0 TJ,UNIT N/A,UNIT N/A,UNIT N/A,UNIT N/A,Electricity plants,2017
10,0 TJ-net,0 TJ-net,0 TJ-net,0 TJ-net,0 kt,0 TJ,0 TJ,UNIT N/A,UNIT N/A,UNIT N/A,UNIT N/A,CHP plants,2017
11,0 TJ-net,0 TJ-net,0 TJ-net,0 TJ-net,0 kt,0 TJ,0 TJ,UNIT N/A,UNIT N/A,UNIT N/A,UNIT N/A,Heat plants,2017
12,0 TJ-net,0 TJ-net,0 TJ-net,0 TJ-net,0 kt,0 TJ,0 TJ,UNIT N/A,UNIT N/A,UNIT N/A,UNIT N/A,Other transformation,2017
13,0 TJ-net,0 TJ-net,0 TJ-net,0 TJ-net,0 kt,0 TJ,0 TJ,UNIT N/A,UNIT N/A,UNIT N/A,UNIT N/A,Energy industry own use,2017
14,0 TJ-net,0 TJ-net,0 TJ-net,0 TJ-net,0 kt,0 TJ,0 TJ,UNIT N/A,UNIT N/A,UNIT N/A,UNIT N/A,Losses,2017
15,0 TJ-net,0 TJ-net,60 TJ-net,0 TJ-net,0 kt,0 TJ,0 TJ,UNIT N/A,UNIT N/A,UNIT N/A,UNIT N/A,Final consumption,2017
16,0 TJ-net,0 TJ-net,0 TJ-net,0 TJ-net,0 kt,0 TJ,0 TJ,UNIT N/A,UNIT N/A,UNIT N/A,UNIT N/A,Industry,2017
17,0 TJ-net,0 TJ-net,0 TJ-net,0 TJ-net,0 kt,0 TJ,0 TJ,UNIT N/A,UNIT N/A,UNIT N/A,UNIT N/A,Transport,2017
18,0 TJ-net,0 TJ-net,38 TJ-net,0 TJ-net,0 kt,0 TJ,0 TJ,UNIT N/A,UNIT N/A,UNIT N/A,UNIT N/A,Residential,2017
19,0 TJ-net,0 TJ-net,21 TJ-net,0 TJ-net,0 kt,0 TJ,0 TJ,UNIT N/A,UNIT N/A,UNIT N/A,UNIT N/A,Commercial and public services,2017
20,0 TJ-net,0 TJ-net,1 TJ-net,0 TJ-net,0 kt,0 TJ,0 TJ,UNIT N/A,UNIT N/A,UNIT N/A,UNIT N/A,Agriculture / forestry,2017
21,0 TJ-net,0 TJ-net,0 TJ-net,0 TJ-net,0 kt,0 TJ,0 TJ,UNIT N/A,UNIT N/A,UNIT N/A,UNIT N/A,Fishing,2017
22,0 TJ-net,0 TJ-net,0 TJ-net,0 TJ-net,0 kt,0 TJ,0 TJ,UNIT N/A,UNIT N/A,UNIT N/A,UNIT N/A,Other non-specified,2017
23,0 TJ-net,0 TJ-net,0 TJ-net,0 TJ-net,0 kt,0 TJ,0 TJ,UNIT N/A,UNIT N/A,UNIT N/A,UNIT N/A,Non-energy use,2017
0,0 GWh,0 GWh,0 GWh,0 GWh,0 GWh,0 GWh,0 GWh,0 GWh,0 GWh,0 GWh,0 GWh,Gross elec generation,2018
1,0 TJ,0 TJ,0 TJ,0 TJ,0 TJ,0 TJ,0 TJ,UNIT N/A,UNIT N/A,UNIT N/A,UNIT N/A,Gross heat production,2018
2,0 TJ-net,0 TJ-net,0 TJ-net,0 TJ-net,0 kt,0 TJ,0 TJ,UNIT N/A,UNIT N/A,UNIT N/A,UNIT N/A,Production,2018
3,0 TJ-net,0 TJ-net,0 TJ-net,0 TJ-net,0 kt,0 TJ,0 TJ,UNIT N/A,UNIT N/A,UNIT N/A,UNIT N/A,Imports,2018
4,0 TJ-net,0 TJ-net,0 TJ-net,0 TJ-net,0 kt,0 TJ,0 TJ,UNIT N/A,UNIT N/A,UNIT N/A,UNIT N/A,Exports,2018
5,0 TJ-net,0 TJ-net,0 TJ-net,0 TJ-net,0 kt,0 TJ,0 TJ,UNIT N/A,UNIT N/A,UNIT N/A,UNIT N/A,Stock changes,2018
6,0 TJ-net,0 TJ-net,0 TJ-net,0 TJ-net,0 kt,0 TJ,0 TJ,UNIT N/A,UNIT N/A,UNIT N/A,UNIT N/A,Domestic supply,2018
7,0 TJ-net,0 TJ-net,0 TJ-net,0 TJ-net,0 kt,0 TJ,0 TJ,UNIT N/A,UNIT N/A,UNIT N/A,UNIT N/A,Statistical differences and transfers,2018
8,0 TJ-net,0 TJ-net,0 TJ-net,0 TJ-net,0 kt,0 TJ,0 TJ,UNIT N/A,UNIT N/A,UNIT N/A,UNIT N/A,Transformation,2018
9,0 TJ-net,0 TJ-net,0 TJ-net,0 TJ-net,0 kt,0 TJ,0 TJ,UNIT N/A,UNIT N/A,UNIT N/A,UNIT N/A,Electricity plants,2018
10,0 TJ-net,0 TJ-net,0 TJ-net,0 TJ-net,0 kt,0 TJ,0 TJ,UNIT N/A,UNIT N/A,UNIT N/A,UNIT N/A,CHP plants,2018
11,0 TJ-net,0 TJ-net,0 TJ-net,0 TJ-net,0 kt,0 TJ,0 TJ,UNIT N/A,UNIT N/A,UNIT N/A,UNIT N/A,Heat plants,2018
12,0 TJ-net,0 TJ-net,0 TJ-net,0 TJ-net,0 kt,0 TJ,0 TJ,UNIT N/A,UNIT N/A,UNIT N/A,UNIT N/A,Other transformation,2018
13,0 TJ-net,0 TJ-net,0 TJ-net,0 TJ-net,0 kt,0 TJ,0 TJ,UNIT N/A,UNIT N/A,UNIT N/A,UNIT N/A,Energy industry own use,2018
14,0 TJ-net,0 TJ-net,0 TJ-net,0 TJ-net,0 kt,0 TJ,0 TJ,UNIT N/A,UNIT N/A,UNIT N/A,UNIT N/A,Losses,2018
15,0 TJ-net,0 TJ-net,0 TJ-net,0 TJ-net,0 kt,0 TJ,0 TJ,UNIT N/A,UNIT N/A,UNIT N/A,UNIT N/A,Final consumption,2018
16,0 TJ-net,0 TJ-net,0 TJ-net,0 TJ-net,0 kt,0 TJ,0 TJ,UNIT N/A,UNIT N/A,UNIT N/A,UNIT N/A,Industry,2018
17,0 TJ-net,0 TJ-net,0 TJ-net,0 TJ-net,0 kt,0 TJ,0 TJ,UNIT N/A,UNIT N/A,UNIT N/A,UNIT N/A,Transport,2018
18,0 TJ-net,0 TJ-net,0 TJ-net,0 TJ-net,0 kt,0 TJ,0 TJ,UNIT N/A,UNIT N/A,UNIT N/A,UNIT N/A,Residential,2018
19,0 TJ-net,0 TJ-net,0 TJ-net,0 TJ-net,0 kt,0 TJ,0 TJ,UNIT N/A,UNIT N/A,UNIT N/A,UNIT N/A,Commercial and public services,2018
20,0 TJ-net,0 TJ-net,0 TJ-net,0 TJ-net,0 kt,0 TJ,0 TJ,UNIT N/A,UNIT N/A,UNIT N/A,UNIT N/A,Agriculture / forestry,2018
21,0 TJ-net,0 TJ-net,0 TJ-net,0 TJ-net,0 kt,0 TJ,0 TJ,UNIT N/A,UNIT N/A,UNIT N/A,UNIT N/A,Fishing,2018
22,0 TJ-net,0 TJ-net,0 TJ-net,0 TJ-net,0 kt,0 TJ,0 TJ,UNIT N/A,UNIT N/A,UNIT N/A,UNIT N/A,Other non-specified,2018
23,0 TJ-net,0 TJ-net,0 TJ-net,0 TJ-net,0 kt,0 TJ,0 TJ,UNIT N/A,UNIT N/A,UNIT N/A,UNIT N/A,Non-energy use,2018
