,Coal,Crude oil,Oil products,Natural gas,Nuclear,Hydro,"Wind, solar, etc",Biofuels and waste,Electricity,Heat,Total,Category,Year
0,0 ktoe,0 ktoe,0 ktoe,0 ktoe,0 ktoe,28 ktoe,219 ktoe,1223 ktoe,0 ktoe,0 ktoe,1470 ktoe,Production,2004
1,0 ktoe,809 ktoe,561 ktoe,0 ktoe,0 ktoe,0 ktoe,0 ktoe,0 ktoe,2 ktoe,0 ktoe,1372 ktoe,Imports,2004
2,0 ktoe,0 ktoe,-44 ktoe,0 ktoe,0 ktoe,0 ktoe,0 ktoe,0 ktoe,-2 ktoe,0 ktoe,-46 ktoe,Exports,2004
3,0 ktoe,0 ktoe,0 ktoe,0 ktoe,0 ktoe,0 ktoe,0 ktoe,0 ktoe,0 ktoe,0 ktoe,0 ktoe,International marine bunkers,2004
4,0 ktoe,0 ktoe,-19 ktoe,0 ktoe,0 ktoe,0 ktoe,0 ktoe,0 ktoe,0 ktoe,0 ktoe,-19 ktoe,International aviation bunkers,2004
5,0 ktoe,34 ktoe,-2 ktoe,0 ktoe,0 ktoe,0 ktoe,0 ktoe,0 ktoe,0 ktoe,0 ktoe,32 ktoe,Stock changes,2004
6,0 ktoe,843 ktoe,495 ktoe,0 ktoe,0 ktoe,28 ktoe,219 ktoe,1223 ktoe,0 ktoe,0 ktoe,2808 ktoe,TPES,2004
7,0 ktoe,0 ktoe,0 ktoe,0 ktoe,0 ktoe,0 ktoe,0 ktoe,0 ktoe,0 ktoe,0 ktoe,0 ktoe,Transfers,2004
8,0 ktoe,15 ktoe,-14 ktoe,0 ktoe,0 ktoe,0 ktoe,0 ktoe,-3 ktoe,0 ktoe,0 ktoe,-2 ktoe,Statistical differences,2004
9,0 ktoe,0 ktoe,-489 ktoe,0 ktoe,0 ktoe,-28 ktoe,-219 ktoe,-204 ktoe,251 ktoe,0 ktoe,-689 ktoe,Electricity plants,2004
10,0 ktoe,0 ktoe,0 ktoe,0 ktoe,0 ktoe,0 ktoe,0 ktoe,0 ktoe,0 ktoe,0 ktoe,0 ktoe,CHP plants,2004
11,0 ktoe,0 ktoe,0 ktoe,0 ktoe,0 ktoe,0 ktoe,0 ktoe,0 ktoe,0 ktoe,0 ktoe,0 ktoe,Heat plants,2004
12,0 ktoe,0 ktoe,0 ktoe,0 ktoe,0 ktoe,0 ktoe,0 ktoe,0 ktoe,0 ktoe,0 ktoe,0 ktoe,Gas works,2004
13,0 ktoe,-858 ktoe,855 ktoe,0 ktoe,0 ktoe,0 ktoe,0 ktoe,0 ktoe,0 ktoe,0 ktoe,-2 ktoe,Oil refineries,2004
14,0 ktoe,0 ktoe,0 ktoe,0 ktoe,0 ktoe,0 ktoe,0 ktoe,0 ktoe,0 ktoe,0 ktoe,0 ktoe,Coal transformation,2004
15,0 ktoe,0 ktoe,0 ktoe,0 ktoe,0 ktoe,0 ktoe,0 ktoe,0 ktoe,0 ktoe,0 ktoe,0 ktoe,Liquefication plants,2004
16,0 ktoe,0 ktoe,0 ktoe,0 ktoe,0 ktoe,0 ktoe,0 ktoe,-23 ktoe,0 ktoe,0 ktoe,-23 ktoe,Other transformation,2004
17,0 ktoe,0 ktoe,-35 ktoe,0 ktoe,0 ktoe,0 ktoe,0 ktoe,0 ktoe,-21 ktoe,0 ktoe,-55 ktoe,Energy industry own use,2004
18,0 ktoe,0 ktoe,0 ktoe,0 ktoe,0 ktoe,0 ktoe,0 ktoe,0 ktoe,-70 ktoe,0 ktoe,-70 ktoe,Losses,2004
19,0 ktoe,0 ktoe,813 ktoe,0 ktoe,0 ktoe,0 ktoe,0 ktoe,993 ktoe,160 ktoe,0 ktoe,1966 ktoe,Total final consumption,2004
20,0 ktoe,0 ktoe,171 ktoe,0 ktoe,0 ktoe,0 ktoe,0 ktoe,50 ktoe,29 ktoe,0 ktoe,250 ktoe,Industry,2004
21,0 ktoe,0 ktoe,483 ktoe,0 ktoe,0 ktoe,0 ktoe,0 ktoe,0 ktoe,0 ktoe,0 ktoe,483 ktoe,Transport,2004
22,0 ktoe,0 ktoe,37 ktoe,0 ktoe,0 ktoe,0 ktoe,0 ktoe,930 ktoe,47 ktoe,0 ktoe,1014 ktoe,Residential,2004
23,0 ktoe,0 ktoe,77 ktoe,0 ktoe,0 ktoe,0 ktoe,0 ktoe,10 ktoe,50 ktoe,0 ktoe,136 ktoe,Commercial and public services,2004
24,0 ktoe,0 ktoe,9 ktoe,0 ktoe,0 ktoe,0 ktoe,0 ktoe,3 ktoe,6 ktoe,0 ktoe,18 ktoe,Agriculture / forestry,2004
25,0 ktoe,0 ktoe,0 ktoe,0 ktoe,0 ktoe,0 ktoe,0 ktoe,0 ktoe,0 ktoe,0 ktoe,0 ktoe,Fishing,2004
26,0 ktoe,0 ktoe,0 ktoe,0 ktoe,0 ktoe,0 ktoe,0 ktoe,0 ktoe,29 ktoe,0 ktoe,29 ktoe,Non-specified,2004
27,0 ktoe,0 ktoe,36 ktoe,0 ktoe,0 ktoe,0 ktoe,0 ktoe,0 ktoe,0 ktoe,0 ktoe,36 ktoe,Non-energy use,2004
0,0 ktoe,0 ktoe,0 ktoe,0 ktoe,0 ktoe,37 ktoe,233 ktoe,1243 ktoe,0 ktoe,0 ktoe,1513 ktoe,Production,2005
1,0 ktoe,780 ktoe,608 ktoe,0 ktoe,0 ktoe,0 ktoe,0 ktoe,0 ktoe,2 ktoe,0 ktoe,1390 ktoe,Imports,2005
2,0 ktoe,0 ktoe,-37 ktoe,0 ktoe,0 ktoe,0 ktoe,0 ktoe,0 ktoe,-1 ktoe,0 ktoe,-37 ktoe,Exports,2005
3,0 ktoe,0 ktoe,0 ktoe,0 ktoe,0 ktoe,0 ktoe,0 ktoe,0 ktoe,0 ktoe,0 ktoe,0 ktoe,International marine bunkers,2005
4,0 ktoe,0 ktoe,-17 ktoe,0 ktoe,0 ktoe,0 ktoe,0 ktoe,0 ktoe,0 ktoe,0 ktoe,-17 ktoe,International aviation bunkers,2005
5,0 ktoe,19 ktoe,18 ktoe,0 ktoe,0 ktoe,0 ktoe,0 ktoe,0 ktoe,0 ktoe,0 ktoe,36 ktoe,Stock changes,2005
6,0 ktoe,798 ktoe,572 ktoe,0 ktoe,0 ktoe,37 ktoe,233 ktoe,1243 ktoe,1 ktoe,0 ktoe,2884 ktoe,TPES,2005
7,0 ktoe,0 ktoe,0 ktoe,0 ktoe,0 ktoe,0 ktoe,0 ktoe,0 ktoe,0 ktoe,0 ktoe,0 ktoe,Transfers,2005
8,0 ktoe,16 ktoe,-16 ktoe,0 ktoe,0 ktoe,0 ktoe,0 ktoe,-17 ktoe,0 ktoe,0 ktoe,-17 ktoe,Statistical differences,2005
9,0 ktoe,0 ktoe,-458 ktoe,0 ktoe,0 ktoe,-37 ktoe,-233 ktoe,-211 ktoe,262 ktoe,0 ktoe,-677 ktoe,Electricity plants,2005
10,0 ktoe,0 ktoe,0 ktoe,0 ktoe,0 ktoe,0 ktoe,0 ktoe,0 ktoe,0 ktoe,0 ktoe,0 ktoe,CHP plants,2005
11,0 ktoe,0 ktoe,0 ktoe,0 ktoe,0 ktoe,0 ktoe,0 ktoe,0 ktoe,0 ktoe,0 ktoe,0 ktoe,Heat plants,2005
12,0 ktoe,0 ktoe,0 ktoe,0 ktoe,0 ktoe,0 ktoe,0 ktoe,0 ktoe,0 ktoe,0 ktoe,0 ktoe,Gas works,2005
13,0 ktoe,-814 ktoe,764 ktoe,0 ktoe,0 ktoe,0 ktoe,0 ktoe,0 ktoe,0 ktoe,0 ktoe,-50 ktoe,Oil refineries,2005
14,0 ktoe,0 ktoe,0 ktoe,0 ktoe,0 ktoe,0 ktoe,0 ktoe,0 ktoe,0 ktoe,0 ktoe,0 ktoe,Coal transformation,2005
15,0 ktoe,0 ktoe,0 ktoe,0 ktoe,0 ktoe,0 ktoe,0 ktoe,0 ktoe,0 ktoe,0 ktoe,0 ktoe,Liquefication plants,2005
16,0 ktoe,0 ktoe,0 ktoe,0 ktoe,0 ktoe,0 ktoe,0 ktoe,-20 ktoe,0 ktoe,0 ktoe,-20 ktoe,Other transformation,2005
17,0 ktoe,0 ktoe,-33 ktoe,0 ktoe,0 ktoe,0 ktoe,0 ktoe,0 ktoe,-24 ktoe,0 ktoe,-57 ktoe,Energy industry own use,2005
18,0 ktoe,0 ktoe,0 ktoe,0 ktoe,0 ktoe,0 ktoe,0 ktoe,0 ktoe,-71 ktoe,0 ktoe,-71 ktoe,Losses,2005
19,0 ktoe,0 ktoe,828 ktoe,0 ktoe,0 ktoe,0 ktoe,0 ktoe,996 ktoe,169 ktoe,0 ktoe,1993 ktoe,Total final consumption,2005
20,0 ktoe,0 ktoe,181 ktoe,0 ktoe,0 ktoe,0 ktoe,0 ktoe,50 ktoe,31 ktoe,0 ktoe,263 ktoe,Industry,2005
21,0 ktoe,0 ktoe,481 ktoe,0 ktoe,0 ktoe,0 ktoe,0 ktoe,0 ktoe,0 ktoe,0 ktoe,481 ktoe,Transport,2005
22,0 ktoe,0 ktoe,37 ktoe,0 ktoe,0 ktoe,0 ktoe,0 ktoe,936 ktoe,51 ktoe,0 ktoe,1024 ktoe,Residential,2005
23,0 ktoe,0 ktoe,76 ktoe,0 ktoe,0 ktoe,0 ktoe,0 ktoe,6 ktoe,53 ktoe,0 ktoe,135 ktoe,Commercial and public services,2005
24,0 ktoe,0 ktoe,9 ktoe,0 ktoe,0 ktoe,0 ktoe,0 ktoe,4 ktoe,6 ktoe,0 ktoe,19 ktoe,Agriculture / forestry,2005
25,0 ktoe,0 ktoe,0 ktoe,0 ktoe,0 ktoe,0 ktoe,0 ktoe,0 ktoe,0 ktoe,0 ktoe,0 ktoe,Fishing,2005
26,0 ktoe,0 ktoe,0 ktoe,0 ktoe,0 ktoe,0 ktoe,0 ktoe,0 ktoe,29 ktoe,0 ktoe,29 ktoe,Non-specified,2005
27,0 ktoe,0 ktoe,43 ktoe,0 ktoe,0 ktoe,0 ktoe,0 ktoe,0 ktoe,0 ktoe,0 ktoe,43 ktoe,Non-energy use,2005
0,0 ktoe,0 ktoe,0 ktoe,0 ktoe,0 ktoe,26 ktoe,267 ktoe,1174 ktoe,0 ktoe,0 ktoe,1468 ktoe,Production,2006
1,0 ktoe,818 ktoe,662 ktoe,0 ktoe,0 ktoe,0 ktoe,0 ktoe,0 ktoe,5 ktoe,0 ktoe,1484 ktoe,Imports,2006
2,0 ktoe,0 ktoe,-56 ktoe,0 ktoe,0 ktoe,0 ktoe,0 ktoe,0 ktoe,0 ktoe,0 ktoe,-56 ktoe,Exports,2006
3,0 ktoe,0 ktoe,0 ktoe,0 ktoe,0 ktoe,0 ktoe,0 ktoe,0 ktoe,0 ktoe,0 ktoe,0 ktoe,International marine bunkers,2006
4,0 ktoe,0 ktoe,-17 ktoe,0 ktoe,0 ktoe,0 ktoe,0 ktoe,0 ktoe,0 ktoe,0 ktoe,-17 ktoe,International aviation bunkers,2006
5,0 ktoe,-19 ktoe,-24 ktoe,0 ktoe,0 ktoe,0 ktoe,0 ktoe,0 ktoe,0 ktoe,0 ktoe,-43 ktoe,Stock changes,2006
6,0 ktoe,799 ktoe,564 ktoe,0 ktoe,0 ktoe,26 ktoe,267 ktoe,1174 ktoe,5 ktoe,0 ktoe,2836 ktoe,TPES,2006
7,0 ktoe,0 ktoe,0 ktoe,0 ktoe,0 ktoe,0 ktoe,0 ktoe,0 ktoe,0 ktoe,0 ktoe,0 ktoe,Transfers,2006
8,0 ktoe,7 ktoe,8 ktoe,0 ktoe,0 ktoe,0 ktoe,0 ktoe,0 ktoe,0 ktoe,0 ktoe,15 ktoe,Statistical differences,2006
9,0 ktoe,0 ktoe,-511 ktoe,0 ktoe,0 ktoe,-26 ktoe,-267 ktoe,-200 ktoe,269 ktoe,0 ktoe,-735 ktoe,Electricity plants,2006
10,0 ktoe,0 ktoe,0 ktoe,0 ktoe,0 ktoe,0 ktoe,0 ktoe,0 ktoe,0 ktoe,0 ktoe,0 ktoe,CHP plants,2006
11,0 ktoe,0 ktoe,0 ktoe,0 ktoe,0 ktoe,0 ktoe,0 ktoe,0 ktoe,0 ktoe,0 ktoe,0 ktoe,Heat plants,2006
12,0 ktoe,0 ktoe,0 ktoe,0 ktoe,0 ktoe,0 ktoe,0 ktoe,0 ktoe,0 ktoe,0 ktoe,0 ktoe,Gas works,2006
13,0 ktoe,-806 ktoe,799 ktoe,0 ktoe,0 ktoe,0 ktoe,0 ktoe,0 ktoe,0 ktoe,0 ktoe,-8 ktoe,Oil refineries,2006
14,0 ktoe,0 ktoe,0 ktoe,0 ktoe,0 ktoe,0 ktoe,0 ktoe,0 ktoe,0 ktoe,0 ktoe,0 ktoe,Coal transformation,2006
15,0 ktoe,0 ktoe,0 ktoe,0 ktoe,0 ktoe,0 ktoe,0 ktoe,0 ktoe,0 ktoe,0 ktoe,0 ktoe,Liquefication plants,2006
16,0 ktoe,0 ktoe,0 ktoe,0 ktoe,0 ktoe,0 ktoe,0 ktoe,-16 ktoe,0 ktoe,0 ktoe,-16 ktoe,Other transformation,2006
17,0 ktoe,0 ktoe,-18 ktoe,0 ktoe,0 ktoe,0 ktoe,0 ktoe,0 ktoe,-23 ktoe,0 ktoe,-41 ktoe,Energy industry own use,2006
18,0 ktoe,0 ktoe,0 ktoe,0 ktoe,0 ktoe,0 ktoe,0 ktoe,0 ktoe,-73 ktoe,0 ktoe,-73 ktoe,Losses,2006
19,0 ktoe,0 ktoe,841 ktoe,0 ktoe,0 ktoe,0 ktoe,0 ktoe,958 ktoe,179 ktoe,0 ktoe,1978 ktoe,Total final consumption,2006
20,0 ktoe,0 ktoe,193 ktoe,0 ktoe,0 ktoe,0 ktoe,0 ktoe,62 ktoe,33 ktoe,0 ktoe,288 ktoe,Industry,2006
21,0 ktoe,0 ktoe,494 ktoe,0 ktoe,0 ktoe,0 ktoe,0 ktoe,0 ktoe,0 ktoe,0 ktoe,494 ktoe,Transport,2006
22,0 ktoe,0 ktoe,32 ktoe,0 ktoe,0 ktoe,0 ktoe,0 ktoe,841 ktoe,54 ktoe,0 ktoe,928 ktoe,Residential,2006
23,0 ktoe,0 ktoe,84 ktoe,0 ktoe,0 ktoe,0 ktoe,0 ktoe,42 ktoe,55 ktoe,0 ktoe,181 ktoe,Commercial and public services,2006
24,0 ktoe,0 ktoe,10 ktoe,0 ktoe,0 ktoe,0 ktoe,0 ktoe,13 ktoe,6 ktoe,0 ktoe,29 ktoe,Agriculture / forestry,2006
25,0 ktoe,0 ktoe,0 ktoe,0 ktoe,0 ktoe,0 ktoe,0 ktoe,0 ktoe,0 ktoe,0 ktoe,0 ktoe,Fishing,2006
26,0 ktoe,0 ktoe,0 ktoe,0 ktoe,0 ktoe,0 ktoe,0 ktoe,0 ktoe,31 ktoe,0 ktoe,31 ktoe,Non-specified,2006
27,0 ktoe,0 ktoe,27 ktoe,0 ktoe,0 ktoe,0 ktoe,0 ktoe,0 ktoe,0 ktoe,0 ktoe,27 ktoe,Non-energy use,2006
0,0 ktoe,0 ktoe,0 ktoe,0 ktoe,0 ktoe,26 ktoe,209 ktoe,1224 ktoe,0 ktoe,0 ktoe,1460 ktoe,Production,2007
1,0 ktoe,802 ktoe,721 ktoe,0 ktoe,0 ktoe,0 ktoe,0 ktoe,0 ktoe,6 ktoe,0 ktoe,1529 ktoe,Imports,2007
2,0 ktoe,0 ktoe,-34 ktoe,0 ktoe,0 ktoe,0 ktoe,0 ktoe,0 ktoe,0 ktoe,0 ktoe,-34 ktoe,Exports,2007
3,0 ktoe,0 ktoe,0 ktoe,0 ktoe,0 ktoe,0 ktoe,0 ktoe,0 ktoe,0 ktoe,0 ktoe,0 ktoe,International marine bunkers,2007
4,0 ktoe,0 ktoe,-27 ktoe,0 ktoe,0 ktoe,0 ktoe,0 ktoe,0 ktoe,0 ktoe,0 ktoe,-27 ktoe,International aviation bunkers,2007
5,0 ktoe,-4 ktoe,-42 ktoe,0 ktoe,0 ktoe,0 ktoe,0 ktoe,0 ktoe,0 ktoe,0 ktoe,-45 ktoe,Stock changes,2007
6,0 ktoe,798 ktoe,619 ktoe,0 ktoe,0 ktoe,26 ktoe,209 ktoe,1224 ktoe,6 ktoe,0 ktoe,2882 ktoe,TPES,2007
7,0 ktoe,0 ktoe,0 ktoe,0 ktoe,0 ktoe,0 ktoe,0 ktoe,0 ktoe,0 ktoe,0 ktoe,0 ktoe,Transfers,2007
8,0 ktoe,0 ktoe,-3 ktoe,0 ktoe,0 ktoe,0 ktoe,0 ktoe,0 ktoe,1 ktoe,0 ktoe,-2 ktoe,Statistical differences,2007
9,0 ktoe,0 ktoe,-536 ktoe,0 ktoe,0 ktoe,-26 ktoe,-209 ktoe,-243 ktoe,276 ktoe,0 ktoe,-738 ktoe,Electricity plants,2007
10,0 ktoe,0 ktoe,0 ktoe,0 ktoe,0 ktoe,0 ktoe,0 ktoe,0 ktoe,0 ktoe,0 ktoe,0 ktoe,CHP plants,2007
11,0 ktoe,0 ktoe,0 ktoe,0 ktoe,0 ktoe,0 ktoe,0 ktoe,0 ktoe,0 ktoe,0 ktoe,0 ktoe,Heat plants,2007
12,0 ktoe,0 ktoe,0 ktoe,0 ktoe,0 ktoe,0 ktoe,0 ktoe,0 ktoe,0 ktoe,0 ktoe,0 ktoe,Gas works,2007
13,0 ktoe,-798 ktoe,805 ktoe,0 ktoe,0 ktoe,0 ktoe,0 ktoe,0 ktoe,0 ktoe,0 ktoe,6 ktoe,Oil refineries,2007
14,0 ktoe,0 ktoe,0 ktoe,0 ktoe,0 ktoe,0 ktoe,0 ktoe,0 ktoe,0 ktoe,0 ktoe,0 ktoe,Coal transformation,2007
15,0 ktoe,0 ktoe,0 ktoe,0 ktoe,0 ktoe,0 ktoe,0 ktoe,0 ktoe,0 ktoe,0 ktoe,0 ktoe,Liquefication plants,2007
16,0 ktoe,0 ktoe,0 ktoe,0 ktoe,0 ktoe,0 ktoe,0 ktoe,-17 ktoe,0 ktoe,0 ktoe,-17 ktoe,Other transformation,2007
17,0 ktoe,0 ktoe,-28 ktoe,0 ktoe,0 ktoe,0 ktoe,0 ktoe,0 ktoe,-21 ktoe,0 ktoe,-49 ktoe,Energy industry own use,2007
18,0 ktoe,0 ktoe,0 ktoe,0 ktoe,0 ktoe,0 ktoe,0 ktoe,0 ktoe,-61 ktoe,0 ktoe,-61 ktoe,Losses,2007
19,0 ktoe,0 ktoe,856 ktoe,0 ktoe,0 ktoe,0 ktoe,0 ktoe,965 ktoe,200 ktoe,0 ktoe,2021 ktoe,Total final consumption,2007
20,0 ktoe,0 ktoe,178 ktoe,0 ktoe,0 ktoe,0 ktoe,0 ktoe,64 ktoe,61 ktoe,0 ktoe,303 ktoe,Industry,2007
21,0 ktoe,0 ktoe,513 ktoe,0 ktoe,0 ktoe,0 ktoe,0 ktoe,0 ktoe,0 ktoe,0 ktoe,513 ktoe,Transport,2007
22,0 ktoe,0 ktoe,33 ktoe,0 ktoe,0 ktoe,0 ktoe,0 ktoe,847 ktoe,64 ktoe,0 ktoe,944 ktoe,Residential,2007
23,0 ktoe,0 ktoe,69 ktoe,0 ktoe,0 ktoe,0 ktoe,0 ktoe,41 ktoe,70 ktoe,0 ktoe,180 ktoe,Commercial and public services,2007
24,0 ktoe,0 ktoe,6 ktoe,0 ktoe,0 ktoe,0 ktoe,0 ktoe,13 ktoe,5 ktoe,0 ktoe,24 ktoe,Agriculture / forestry,2007
25,0 ktoe,0 ktoe,0 ktoe,0 ktoe,0 ktoe,0 ktoe,0 ktoe,0 ktoe,0 ktoe,0 ktoe,0 ktoe,Fishing,2007
26,0 ktoe,0 ktoe,24 ktoe,0 ktoe,0 ktoe,0 ktoe,0 ktoe,0 ktoe,0 ktoe,0 ktoe,24 ktoe,Non-specified,2007
27,0 ktoe,0 ktoe,33 ktoe,0 ktoe,0 ktoe,0 ktoe,0 ktoe,0 ktoe,0 ktoe,0 ktoe,33 ktoe,Non-energy use,2007
0,0 ktoe,0 ktoe,0 ktoe,0 ktoe,0 ktoe,46 ktoe,277 ktoe,1234 ktoe,0 ktoe,0 ktoe,1556 ktoe,Production,2008
1,0 ktoe,680 ktoe,679 ktoe,0 ktoe,0 ktoe,0 ktoe,0 ktoe,0 ktoe,2 ktoe,0 ktoe,1362 ktoe,Imports,2008
2,0 ktoe,0 ktoe,-21 ktoe,0 ktoe,0 ktoe,0 ktoe,0 ktoe,0 ktoe,0 ktoe,0 ktoe,-21 ktoe,Exports,2008
3,0 ktoe,0 ktoe,0 ktoe,0 ktoe,0 ktoe,0 ktoe,0 ktoe,0 ktoe,0 ktoe,0 ktoe,0 ktoe,International marine bunkers,2008
4,0 ktoe,0 ktoe,-26 ktoe,0 ktoe,0 ktoe,0 ktoe,0 ktoe,0 ktoe,0 ktoe,0 ktoe,-26 ktoe,International aviation bunkers,2008
5,0 ktoe,25 ktoe,17 ktoe,0 ktoe,0 ktoe,0 ktoe,0 ktoe,0 ktoe,0 ktoe,0 ktoe,43 ktoe,Stock changes,2008
6,0 ktoe,706 ktoe,650 ktoe,0 ktoe,0 ktoe,46 ktoe,277 ktoe,1234 ktoe,2 ktoe,0 ktoe,2914 ktoe,TPES,2008
7,0 ktoe,0 ktoe,0 ktoe,0 ktoe,0 ktoe,0 ktoe,0 ktoe,0 ktoe,0 ktoe,0 ktoe,0 ktoe,Transfers,2008
8,0 ktoe,0 ktoe,3 ktoe,0 ktoe,0 ktoe,0 ktoe,0 ktoe,0 ktoe,3 ktoe,0 ktoe,6 ktoe,Statistical differences,2008
9,0 ktoe,0 ktoe,-504 ktoe,0 ktoe,0 ktoe,-46 ktoe,-277 ktoe,-247 ktoe,289 ktoe,0 ktoe,-786 ktoe,Electricity plants,2008
10,0 ktoe,0 ktoe,0 ktoe,0 ktoe,0 ktoe,0 ktoe,0 ktoe,0 ktoe,0 ktoe,0 ktoe,0 ktoe,CHP plants,2008
11,0 ktoe,0 ktoe,0 ktoe,0 ktoe,0 ktoe,0 ktoe,0 ktoe,0 ktoe,0 ktoe,0 ktoe,0 ktoe,Heat plants,2008
12,0 ktoe,0 ktoe,0 ktoe,0 ktoe,0 ktoe,0 ktoe,0 ktoe,0 ktoe,0 ktoe,0 ktoe,0 ktoe,Gas works,2008
13,0 ktoe,-706 ktoe,707 ktoe,0 ktoe,0 ktoe,0 ktoe,0 ktoe,0 ktoe,0 ktoe,0 ktoe,1 ktoe,Oil refineries,2008
14,0 ktoe,0 ktoe,0 ktoe,0 ktoe,0 ktoe,0 ktoe,0 ktoe,0 ktoe,0 ktoe,0 ktoe,0 ktoe,Coal transformation,2008
15,0 ktoe,0 ktoe,0 ktoe,0 ktoe,0 ktoe,0 ktoe,0 ktoe,0 ktoe,0 ktoe,0 ktoe,0 ktoe,Liquefication plants,2008
16,0 ktoe,0 ktoe,0 ktoe,0 ktoe,0 ktoe,0 ktoe,0 ktoe,-17 ktoe,0 ktoe,0 ktoe,-17 ktoe,Other transformation,2008
17,0 ktoe,0 ktoe,-22 ktoe,0 ktoe,0 ktoe,0 ktoe,0 ktoe,0 ktoe,-20 ktoe,0 ktoe,-42 ktoe,Energy industry own use,2008
18,0 ktoe,0 ktoe,0 ktoe,0 ktoe,0 ktoe,0 ktoe,0 ktoe,0 ktoe,-61 ktoe,0 ktoe,-61 ktoe,Losses,2008
19,0 ktoe,0 ktoe,834 ktoe,0 ktoe,0 ktoe,0 ktoe,0 ktoe,969 ktoe,213 ktoe,0 ktoe,2016 ktoe,Total final consumption,2008
20,0 ktoe,0 ktoe,164 ktoe,0 ktoe,0 ktoe,0 ktoe,0 ktoe,62 ktoe,68 ktoe,0 ktoe,293 ktoe,Industry,2008
21,0 ktoe,0 ktoe,501 ktoe,0 ktoe,0 ktoe,0 ktoe,0 ktoe,0 ktoe,0 ktoe,0 ktoe,501 ktoe,Transport,2008
22,0 ktoe,0 ktoe,31 ktoe,0 ktoe,0 ktoe,0 ktoe,0 ktoe,853 ktoe,67 ktoe,0 ktoe,952 ktoe,Residential,2008
23,0 ktoe,0 ktoe,64 ktoe,0 ktoe,0 ktoe,0 ktoe,0 ktoe,40 ktoe,72 ktoe,0 ktoe,176 ktoe,Commercial and public services,2008
24,0 ktoe,0 ktoe,9 ktoe,0 ktoe,0 ktoe,0 ktoe,0 ktoe,13 ktoe,6 ktoe,0 ktoe,28 ktoe,Agriculture / forestry,2008
25,0 ktoe,0 ktoe,0 ktoe,0 ktoe,0 ktoe,0 ktoe,0 ktoe,0 ktoe,0 ktoe,0 ktoe,0 ktoe,Fishing,2008
26,0 ktoe,0 ktoe,34 ktoe,0 ktoe,0 ktoe,0 ktoe,0 ktoe,1 ktoe,0 ktoe,0 ktoe,35 ktoe,Non-specified,2008
27,0 ktoe,0 ktoe,31 ktoe,0 ktoe,0 ktoe,0 ktoe,0 ktoe,0 ktoe,0 ktoe,0 ktoe,31 ktoe,Non-energy use,2008
0,0 ktoe,0 ktoe,0 ktoe,0 ktoe,0 ktoe,26 ktoe,265 ktoe,1254 ktoe,0 ktoe,0 ktoe,1544 ktoe,Production,2009
1,0 ktoe,816 ktoe,619 ktoe,0 ktoe,0 ktoe,0 ktoe,0 ktoe,0 ktoe,0 ktoe,0 ktoe,1435 ktoe,Imports,2009
2,0 ktoe,0 ktoe,-23 ktoe,0 ktoe,0 ktoe,0 ktoe,0 ktoe,0 ktoe,0 ktoe,0 ktoe,-23 ktoe,Exports,2009
3,0 ktoe,0 ktoe,0 ktoe,0 ktoe,0 ktoe,0 ktoe,0 ktoe,0 ktoe,0 ktoe,0 ktoe,0 ktoe,International marine bunkers,2009
4,0 ktoe,0 ktoe,-20 ktoe,0 ktoe,0 ktoe,0 ktoe,0 ktoe,0 ktoe,0 ktoe,0 ktoe,-20 ktoe,International aviation bunkers,2009
5,0 ktoe,-12 ktoe,10 ktoe,0 ktoe,0 ktoe,0 ktoe,0 ktoe,0 ktoe,0 ktoe,0 ktoe,-2 ktoe,Stock changes,2009
6,0 ktoe,804 ktoe,587 ktoe,0 ktoe,0 ktoe,26 ktoe,265 ktoe,1254 ktoe,0 ktoe,0 ktoe,2935 ktoe,TPES,2009
7,0 ktoe,0 ktoe,0 ktoe,0 ktoe,0 ktoe,0 ktoe,0 ktoe,0 ktoe,0 ktoe,0 ktoe,0 ktoe,Transfers,2009
8,0 ktoe,0 ktoe,-32 ktoe,0 ktoe,0 ktoe,0 ktoe,0 ktoe,9 ktoe,0 ktoe,0 ktoe,-23 ktoe,Statistical differences,2009
9,0 ktoe,0 ktoe,-545 ktoe,0 ktoe,0 ktoe,-26 ktoe,-265 ktoe,-278 ktoe,297 ktoe,0 ktoe,-817 ktoe,Electricity plants,2009
10,0 ktoe,0 ktoe,0 ktoe,0 ktoe,0 ktoe,0 ktoe,0 ktoe,0 ktoe,0 ktoe,0 ktoe,0 ktoe,CHP plants,2009
11,0 ktoe,0 ktoe,0 ktoe,0 ktoe,0 ktoe,0 ktoe,0 ktoe,0 ktoe,0 ktoe,0 ktoe,0 ktoe,Heat plants,2009
12,0 ktoe,0 ktoe,0 ktoe,0 ktoe,0 ktoe,0 ktoe,0 ktoe,0 ktoe,0 ktoe,0 ktoe,0 ktoe,Gas works,2009
13,0 ktoe,-804 ktoe,807 ktoe,0 ktoe,0 ktoe,0 ktoe,0 ktoe,0 ktoe,0 ktoe,0 ktoe,3 ktoe,Oil refineries,2009
14,0 ktoe,0 ktoe,0 ktoe,0 ktoe,0 ktoe,0 ktoe,0 ktoe,0 ktoe,0 ktoe,0 ktoe,0 ktoe,Coal transformation,2009
15,0 ktoe,0 ktoe,0 ktoe,0 ktoe,0 ktoe,0 ktoe,0 ktoe,0 ktoe,0 ktoe,0 ktoe,0 ktoe,Liquefication plants,2009
16,0 ktoe,0 ktoe,0 ktoe,0 ktoe,0 ktoe,0 ktoe,0 ktoe,-16 ktoe,0 ktoe,0 ktoe,-16 ktoe,Other transformation,2009
17,0 ktoe,0 ktoe,-17 ktoe,0 ktoe,0 ktoe,0 ktoe,0 ktoe,0 ktoe,-20 ktoe,0 ktoe,-36 ktoe,Energy industry own use,2009
18,0 ktoe,0 ktoe,0 ktoe,0 ktoe,0 ktoe,0 ktoe,0 ktoe,0 ktoe,-61 ktoe,0 ktoe,-61 ktoe,Losses,2009
19,0 ktoe,0 ktoe,798 ktoe,0 ktoe,0 ktoe,0 ktoe,0 ktoe,968 ktoe,217 ktoe,0 ktoe,1984 ktoe,Total final consumption,2009
20,0 ktoe,0 ktoe,135 ktoe,0 ktoe,0 ktoe,0 ktoe,0 ktoe,57 ktoe,68 ktoe,0 ktoe,260 ktoe,Industry,2009
21,0 ktoe,0 ktoe,512 ktoe,0 ktoe,0 ktoe,0 ktoe,0 ktoe,0 ktoe,0 ktoe,0 ktoe,512 ktoe,Transport,2009
22,0 ktoe,0 ktoe,32 ktoe,0 ktoe,0 ktoe,0 ktoe,0 ktoe,860 ktoe,67 ktoe,0 ktoe,959 ktoe,Residential,2009
23,0 ktoe,0 ktoe,85 ktoe,0 ktoe,0 ktoe,0 ktoe,0 ktoe,38 ktoe,74 ktoe,0 ktoe,196 ktoe,Commercial and public services,2009
24,0 ktoe,0 ktoe,9 ktoe,0 ktoe,0 ktoe,0 ktoe,0 ktoe,13 ktoe,7 ktoe,0 ktoe,30 ktoe,Agriculture / forestry,2009
25,0 ktoe,0 ktoe,0 ktoe,0 ktoe,0 ktoe,0 ktoe,0 ktoe,0 ktoe,0 ktoe,0 ktoe,0 ktoe,Fishing,2009
26,0 ktoe,0 ktoe,0 ktoe,0 ktoe,0 ktoe,0 ktoe,0 ktoe,1 ktoe,0 ktoe,0 ktoe,1 ktoe,Non-specified,2009
27,0 ktoe,0 ktoe,25 ktoe,0 ktoe,0 ktoe,0 ktoe,0 ktoe,0 ktoe,0 ktoe,0 ktoe,25 ktoe,Non-energy use,2009
0,0 ktoe,0 ktoe,0 ktoe,0 ktoe,0 ktoe,43 ktoe,274 ktoe,1256 ktoe,0 ktoe,0 ktoe,1573 ktoe,Production,2010
1,0 ktoe,763 ktoe,590 ktoe,0 ktoe,0 ktoe,0 ktoe,0 ktoe,0 ktoe,1 ktoe,0 ktoe,1354 ktoe,Imports,2010
2,0 ktoe,0 ktoe,-27 ktoe,0 ktoe,0 ktoe,0 ktoe,0 ktoe,0 ktoe,-4 ktoe,0 ktoe,-30 ktoe,Exports,2010
3,0 ktoe,0 ktoe,0 ktoe,0 ktoe,0 ktoe,0 ktoe,0 ktoe,0 ktoe,0 ktoe,0 ktoe,0 ktoe,International marine bunkers,2010
4,0 ktoe,0 ktoe,-18 ktoe,0 ktoe,0 ktoe,0 ktoe,0 ktoe,0 ktoe,0 ktoe,0 ktoe,-18 ktoe,International aviation bunkers,2010
5,0 ktoe,13 ktoe,66 ktoe,0 ktoe,0 ktoe,0 ktoe,0 ktoe,0 ktoe,0 ktoe,0 ktoe,79 ktoe,Stock changes,2010
6,0 ktoe,776 ktoe,612 ktoe,0 ktoe,0 ktoe,43 ktoe,274 ktoe,1256 ktoe,-3 ktoe,0 ktoe,2958 ktoe,TPES,2010
7,0 ktoe,0 ktoe,0 ktoe,0 ktoe,0 ktoe,0 ktoe,0 ktoe,0 ktoe,0 ktoe,0 ktoe,0 ktoe,Transfers,2010
8,0 ktoe,0 ktoe,9 ktoe,0 ktoe,0 ktoe,0 ktoe,0 ktoe,0 ktoe,-1 ktoe,0 ktoe,8 ktoe,Statistical differences,2010
9,0 ktoe,0 ktoe,-526 ktoe,0 ktoe,0 ktoe,-43 ktoe,-274 ktoe,-263 ktoe,315 ktoe,0 ktoe,-791 ktoe,Electricity plants,2010
10,0 ktoe,0 ktoe,0 ktoe,0 ktoe,0 ktoe,0 ktoe,0 ktoe,0 ktoe,0 ktoe,0 ktoe,0 ktoe,CHP plants,2010
11,0 ktoe,0 ktoe,0 ktoe,0 ktoe,0 ktoe,0 ktoe,0 ktoe,0 ktoe,0 ktoe,0 ktoe,0 ktoe,Heat plants,2010
12,0 ktoe,0 ktoe,0 ktoe,0 ktoe,0 ktoe,0 ktoe,0 ktoe,0 ktoe,0 ktoe,0 ktoe,0 ktoe,Gas works,2010
13,0 ktoe,-776 ktoe,777 ktoe,0 ktoe,0 ktoe,0 ktoe,0 ktoe,0 ktoe,0 ktoe,0 ktoe,1 ktoe,Oil refineries,2010
14,0 ktoe,0 ktoe,0 ktoe,0 ktoe,0 ktoe,0 ktoe,0 ktoe,0 ktoe,0 ktoe,0 ktoe,0 ktoe,Coal transformation,2010
15,0 ktoe,0 ktoe,0 ktoe,0 ktoe,0 ktoe,0 ktoe,0 ktoe,0 ktoe,0 ktoe,0 ktoe,0 ktoe,Liquefication plants,2010
16,0 ktoe,0 ktoe,0 ktoe,0 ktoe,0 ktoe,0 ktoe,0 ktoe,-16 ktoe,0 ktoe,0 ktoe,-16 ktoe,Other transformation,2010
17,0 ktoe,0 ktoe,-30 ktoe,0 ktoe,0 ktoe,0 ktoe,0 ktoe,0 ktoe,-26 ktoe,0 ktoe,-56 ktoe,Energy industry own use,2010
18,0 ktoe,0 ktoe,0 ktoe,0 ktoe,0 ktoe,0 ktoe,0 ktoe,0 ktoe,-58 ktoe,0 ktoe,-58 ktoe,Losses,2010
19,0 ktoe,0 ktoe,842 ktoe,0 ktoe,0 ktoe,0 ktoe,0 ktoe,977 ktoe,227 ktoe,0 ktoe,2046 ktoe,Total final consumption,2010
20,0 ktoe,0 ktoe,146 ktoe,0 ktoe,0 ktoe,0 ktoe,0 ktoe,59 ktoe,80 ktoe,0 ktoe,284 ktoe,Industry,2010
21,0 ktoe,0 ktoe,531 ktoe,0 ktoe,0 ktoe,0 ktoe,0 ktoe,0 ktoe,0 ktoe,0 ktoe,531 ktoe,Transport,2010
22,0 ktoe,0 ktoe,37 ktoe,0 ktoe,0 ktoe,0 ktoe,0 ktoe,867 ktoe,73 ktoe,0 ktoe,977 ktoe,Residential,2010
23,0 ktoe,0 ktoe,92 ktoe,0 ktoe,0 ktoe,0 ktoe,0 ktoe,37 ktoe,69 ktoe,0 ktoe,198 ktoe,Commercial and public services,2010
24,0 ktoe,0 ktoe,9 ktoe,0 ktoe,0 ktoe,0 ktoe,0 ktoe,13 ktoe,6 ktoe,0 ktoe,28 ktoe,Agriculture / forestry,2010
25,0 ktoe,0 ktoe,0 ktoe,0 ktoe,0 ktoe,0 ktoe,0 ktoe,0 ktoe,0 ktoe,0 ktoe,0 ktoe,Fishing,2010
26,0 ktoe,0 ktoe,0 ktoe,0 ktoe,0 ktoe,0 ktoe,0 ktoe,1 ktoe,0 ktoe,0 ktoe,1 ktoe,Non-specified,2010
27,0 ktoe,0 ktoe,27 ktoe,0 ktoe,0 ktoe,0 ktoe,0 ktoe,0 ktoe,0 ktoe,0 ktoe,27 ktoe,Non-energy use,2010
0,0 ktoe,0 ktoe,0 ktoe,0 ktoe,0 ktoe,38 ktoe,253 ktoe,1284 ktoe,0 ktoe,0 ktoe,1575 ktoe,Production,2011
1,0 ktoe,818 ktoe,792 ktoe,0 ktoe,0 ktoe,0 ktoe,0 ktoe,0 ktoe,1 ktoe,0 ktoe,1611 ktoe,Imports,2011
2,0 ktoe,0 ktoe,-25 ktoe,0 ktoe,0 ktoe,0 ktoe,0 ktoe,0 ktoe,-4 ktoe,0 ktoe,-29 ktoe,Exports,2011
3,0 ktoe,0 ktoe,0 ktoe,0 ktoe,0 ktoe,0 ktoe,0 ktoe,0 ktoe,0 ktoe,0 ktoe,0 ktoe,International marine bunkers,2011
4,0 ktoe,0 ktoe,-21 ktoe,0 ktoe,0 ktoe,0 ktoe,0 ktoe,0 ktoe,0 ktoe,0 ktoe,-21 ktoe,International aviation bunkers,2011
5,0 ktoe,-28 ktoe,-49 ktoe,0 ktoe,0 ktoe,0 ktoe,0 ktoe,0 ktoe,0 ktoe,0 ktoe,-77 ktoe,Stock changes,2011
6,0 ktoe,790 ktoe,698 ktoe,0 ktoe,0 ktoe,38 ktoe,253 ktoe,1284 ktoe,-3 ktoe,0 ktoe,3060 ktoe,TPES,2011
7,0 ktoe,0 ktoe,0 ktoe,0 ktoe,0 ktoe,0 ktoe,0 ktoe,0 ktoe,0 ktoe,0 ktoe,0 ktoe,Transfers,2011
8,0 ktoe,-6 ktoe,-27 ktoe,0 ktoe,0 ktoe,0 ktoe,0 ktoe,0 ktoe,1 ktoe,0 ktoe,-33 ktoe,Statistical differences,2011
9,0 ktoe,0 ktoe,-562 ktoe,0 ktoe,0 ktoe,-38 ktoe,-253 ktoe,-284 ktoe,329 ktoe,0 ktoe,-808 ktoe,Electricity plants,2011
10,0 ktoe,0 ktoe,0 ktoe,0 ktoe,0 ktoe,0 ktoe,0 ktoe,0 ktoe,0 ktoe,0 ktoe,0 ktoe,CHP plants,2011
11,0 ktoe,0 ktoe,0 ktoe,0 ktoe,0 ktoe,0 ktoe,0 ktoe,0 ktoe,0 ktoe,0 ktoe,0 ktoe,Heat plants,2011
12,0 ktoe,0 ktoe,0 ktoe,0 ktoe,0 ktoe,0 ktoe,0 ktoe,0 ktoe,0 ktoe,0 ktoe,0 ktoe,Gas works,2011
13,0 ktoe,-784 ktoe,790 ktoe,0 ktoe,0 ktoe,0 ktoe,0 ktoe,0 ktoe,0 ktoe,0 ktoe,6 ktoe,Oil refineries,2011
14,0 ktoe,0 ktoe,0 ktoe,0 ktoe,0 ktoe,0 ktoe,0 ktoe,0 ktoe,0 ktoe,0 ktoe,0 ktoe,Coal transformation,2011
15,0 ktoe,0 ktoe,0 ktoe,0 ktoe,0 ktoe,0 ktoe,0 ktoe,0 ktoe,0 ktoe,0 ktoe,0 ktoe,Liquefication plants,2011
16,0 ktoe,0 ktoe,0 ktoe,0 ktoe,0 ktoe,0 ktoe,0 ktoe,-16 ktoe,0 ktoe,0 ktoe,-16 ktoe,Other transformation,2011
17,0 ktoe,0 ktoe,-28 ktoe,0 ktoe,0 ktoe,0 ktoe,0 ktoe,0 ktoe,-26 ktoe,0 ktoe,-54 ktoe,Energy industry own use,2011
18,0 ktoe,0 ktoe,0 ktoe,0 ktoe,0 ktoe,0 ktoe,0 ktoe,0 ktoe,-58 ktoe,0 ktoe,-58 ktoe,Losses,2011
19,0 ktoe,0 ktoe,871 ktoe,0 ktoe,0 ktoe,0 ktoe,0 ktoe,984 ktoe,243 ktoe,0 ktoe,2097 ktoe,Total final consumption,2011
20,0 ktoe,0 ktoe,147 ktoe,0 ktoe,0 ktoe,0 ktoe,0 ktoe,60 ktoe,87 ktoe,0 ktoe,294 ktoe,Industry,2011
21,0 ktoe,0 ktoe,554 ktoe,0 ktoe,0 ktoe,0 ktoe,0 ktoe,0 ktoe,0 ktoe,0 ktoe,554 ktoe,Transport,2011
22,0 ktoe,0 ktoe,36 ktoe,0 ktoe,0 ktoe,0 ktoe,0 ktoe,873 ktoe,79 ktoe,0 ktoe,988 ktoe,Residential,2011
23,0 ktoe,0 ktoe,95 ktoe,0 ktoe,0 ktoe,0 ktoe,0 ktoe,37 ktoe,70 ktoe,0 ktoe,203 ktoe,Commercial and public services,2011
24,0 ktoe,0 ktoe,9 ktoe,0 ktoe,0 ktoe,0 ktoe,0 ktoe,13 ktoe,6 ktoe,0 ktoe,29 ktoe,Agriculture / forestry,2011
25,0 ktoe,0 ktoe,0 ktoe,0 ktoe,0 ktoe,0 ktoe,0 ktoe,0 ktoe,0 ktoe,0 ktoe,0 ktoe,Fishing,2011
26,0 ktoe,0 ktoe,0 ktoe,0 ktoe,0 ktoe,0 ktoe,0 ktoe,1 ktoe,0 ktoe,0 ktoe,1 ktoe,Non-specified,2011
27,0 ktoe,0 ktoe,29 ktoe,0 ktoe,0 ktoe,0 ktoe,0 ktoe,0 ktoe,0 ktoe,0 ktoe,29 ktoe,Non-energy use,2011
0,0 ktoe,0 ktoe,0 ktoe,0 ktoe,0 ktoe,36 ktoe,478 ktoe,1349 ktoe,0 ktoe,0 ktoe,1863 ktoe,Production,2012
1,0 ktoe,529 ktoe,933 ktoe,0 ktoe,0 ktoe,0 ktoe,0 ktoe,0 ktoe,2 ktoe,0 ktoe,1464 ktoe,Imports,2012
2,0 ktoe,0 ktoe,-19 ktoe,0 ktoe,0 ktoe,0 ktoe,0 ktoe,0 ktoe,0 ktoe,0 ktoe,-19 ktoe,Exports,2012
3,0 ktoe,0 ktoe,0 ktoe,0 ktoe,0 ktoe,0 ktoe,0 ktoe,0 ktoe,0 ktoe,0 ktoe,0 ktoe,International marine bunkers,2012
4,0 ktoe,0 ktoe,-22 ktoe,0 ktoe,0 ktoe,0 ktoe,0 ktoe,0 ktoe,0 ktoe,0 ktoe,-22 ktoe,International aviation bunkers,2012
5,0 ktoe,-1 ktoe,1 ktoe,0 ktoe,0 ktoe,0 ktoe,0 ktoe,0 ktoe,0 ktoe,0 ktoe,0 ktoe,Stock changes,2012
6,0 ktoe,528 ktoe,894 ktoe,0 ktoe,0 ktoe,36 ktoe,478 ktoe,1349 ktoe,1 ktoe,0 ktoe,3286 ktoe,TPES,2012
7,0 ktoe,0 ktoe,0 ktoe,0 ktoe,0 ktoe,0 ktoe,0 ktoe,0 ktoe,0 ktoe,0 ktoe,0 ktoe,Transfers,2012
8,0 ktoe,-3 ktoe,31 ktoe,0 ktoe,0 ktoe,0 ktoe,0 ktoe,0 ktoe,-1 ktoe,0 ktoe,27 ktoe,Statistical differences,2012
9,0 ktoe,0 ktoe,-512 ktoe,0 ktoe,0 ktoe,-36 ktoe,-478 ktoe,-316 ktoe,347 ktoe,0 ktoe,-995 ktoe,Electricity plants,2012
10,0 ktoe,0 ktoe,0 ktoe,0 ktoe,0 ktoe,0 ktoe,0 ktoe,0 ktoe,0 ktoe,0 ktoe,0 ktoe,CHP plants,2012
11,0 ktoe,0 ktoe,0 ktoe,0 ktoe,0 ktoe,0 ktoe,0 ktoe,0 ktoe,0 ktoe,0 ktoe,0 ktoe,Heat plants,2012
12,0 ktoe,0 ktoe,0 ktoe,0 ktoe,0 ktoe,0 ktoe,0 ktoe,0 ktoe,0 ktoe,0 ktoe,0 ktoe,Gas works,2012
13,0 ktoe,-525 ktoe,525 ktoe,0 ktoe,0 ktoe,0 ktoe,0 ktoe,0 ktoe,0 ktoe,0 ktoe,0 ktoe,Oil refineries,2012
14,0 ktoe,0 ktoe,0 ktoe,0 ktoe,0 ktoe,0 ktoe,0 ktoe,0 ktoe,0 ktoe,0 ktoe,0 ktoe,Coal transformation,2012
15,0 ktoe,0 ktoe,0 ktoe,0 ktoe,0 ktoe,0 ktoe,0 ktoe,0 ktoe,0 ktoe,0 ktoe,0 ktoe,Liquefication plants,2012
16,0 ktoe,0 ktoe,0 ktoe,0 ktoe,0 ktoe,0 ktoe,0 ktoe,-17 ktoe,0 ktoe,0 ktoe,-17 ktoe,Other transformation,2012
17,0 ktoe,0 ktoe,-20 ktoe,0 ktoe,0 ktoe,0 ktoe,0 ktoe,0 ktoe,-30 ktoe,0 ktoe,-51 ktoe,Energy industry own use,2012
18,0 ktoe,0 ktoe,0 ktoe,0 ktoe,0 ktoe,0 ktoe,0 ktoe,0 ktoe,-55 ktoe,0 ktoe,-55 ktoe,Losses,2012
19,0 ktoe,0 ktoe,918 ktoe,0 ktoe,0 ktoe,0 ktoe,0 ktoe,1016 ktoe,261 ktoe,0 ktoe,2195 ktoe,Total final consumption,2012
20,0 ktoe,0 ktoe,154 ktoe,0 ktoe,0 ktoe,0 ktoe,0 ktoe,62 ktoe,95 ktoe,0 ktoe,311 ktoe,Industry,2012
21,0 ktoe,0 ktoe,591 ktoe,0 ktoe,0 ktoe,0 ktoe,0 ktoe,0 ktoe,0 ktoe,0 ktoe,591 ktoe,Transport,2012
22,0 ktoe,0 ktoe,39 ktoe,0 ktoe,0 ktoe,0 ktoe,0 ktoe,882 ktoe,86 ktoe,0 ktoe,1006 ktoe,Residential,2012
23,0 ktoe,0 ktoe,100 ktoe,0 ktoe,0 ktoe,0 ktoe,0 ktoe,37 ktoe,73 ktoe,0 ktoe,210 ktoe,Commercial and public services,2012
24,0 ktoe,0 ktoe,9 ktoe,0 ktoe,0 ktoe,0 ktoe,0 ktoe,34 ktoe,8 ktoe,0 ktoe,51 ktoe,Agriculture / forestry,2012
25,0 ktoe,0 ktoe,0 ktoe,0 ktoe,0 ktoe,0 ktoe,0 ktoe,0 ktoe,0 ktoe,0 ktoe,0 ktoe,Fishing,2012
26,0 ktoe,0 ktoe,0 ktoe,0 ktoe,0 ktoe,0 ktoe,0 ktoe,1 ktoe,0 ktoe,0 ktoe,1 ktoe,Non-specified,2012
27,0 ktoe,0 ktoe,25 ktoe,0 ktoe,0 ktoe,0 ktoe,0 ktoe,0 ktoe,0 ktoe,0 ktoe,25 ktoe,Non-energy use,2012
0,0 ktoe,0 ktoe,0 ktoe,0 ktoe,0 ktoe,39 ktoe,632 ktoe,1449 ktoe,0 ktoe,0 ktoe,2121 ktoe,Production,2013
1,0 ktoe,658 ktoe,804 ktoe,0 ktoe,0 ktoe,0 ktoe,0 ktoe,0 ktoe,4 ktoe,0 ktoe,1467 ktoe,Imports,2013
2,0 ktoe,0 ktoe,-38 ktoe,0 ktoe,0 ktoe,0 ktoe,0 ktoe,0 ktoe,-1 ktoe,0 ktoe,-40 ktoe,Exports,2013
3,0 ktoe,0 ktoe,0 ktoe,0 ktoe,0 ktoe,0 ktoe,0 ktoe,0 ktoe,0 ktoe,0 ktoe,0 ktoe,International marine bunkers,2013
4,0 ktoe,0 ktoe,-22 ktoe,0 ktoe,0 ktoe,0 ktoe,0 ktoe,0 ktoe,0 ktoe,0 ktoe,-22 ktoe,International aviation bunkers,2013
5,0 ktoe,-44 ktoe,4 ktoe,0 ktoe,0 ktoe,0 ktoe,0 ktoe,0 ktoe,0 ktoe,0 ktoe,-40 ktoe,Stock changes,2013
6,0 ktoe,614 ktoe,748 ktoe,0 ktoe,0 ktoe,39 ktoe,632 ktoe,1449 ktoe,3 ktoe,0 ktoe,3486 ktoe,TPES,2013
7,0 ktoe,0 ktoe,0 ktoe,0 ktoe,0 ktoe,0 ktoe,0 ktoe,0 ktoe,0 ktoe,0 ktoe,0 ktoe,Transfers,2013
8,0 ktoe,86 ktoe,-51 ktoe,0 ktoe,0 ktoe,0 ktoe,0 ktoe,0 ktoe,3 ktoe,0 ktoe,38 ktoe,Statistical differences,2013
9,0 ktoe,0 ktoe,-435 ktoe,0 ktoe,0 ktoe,-39 ktoe,-632 ktoe,-411 ktoe,358 ktoe,0 ktoe,-1159 ktoe,Electricity plants,2013
10,0 ktoe,0 ktoe,0 ktoe,0 ktoe,0 ktoe,0 ktoe,0 ktoe,0 ktoe,0 ktoe,0 ktoe,0 ktoe,CHP plants,2013
11,0 ktoe,0 ktoe,0 ktoe,0 ktoe,0 ktoe,0 ktoe,0 ktoe,0 ktoe,0 ktoe,0 ktoe,0 ktoe,Heat plants,2013
12,0 ktoe,0 ktoe,0 ktoe,0 ktoe,0 ktoe,0 ktoe,0 ktoe,0 ktoe,0 ktoe,0 ktoe,0 ktoe,Gas works,2013
13,0 ktoe,-700 ktoe,699 ktoe,0 ktoe,0 ktoe,0 ktoe,0 ktoe,0 ktoe,0 ktoe,0 ktoe,0 ktoe,Oil refineries,2013
14,0 ktoe,0 ktoe,0 ktoe,0 ktoe,0 ktoe,0 ktoe,0 ktoe,0 ktoe,0 ktoe,0 ktoe,0 ktoe,Coal transformation,2013
15,0 ktoe,0 ktoe,0 ktoe,0 ktoe,0 ktoe,0 ktoe,0 ktoe,0 ktoe,0 ktoe,0 ktoe,0 ktoe,Liquefication plants,2013
16,0 ktoe,0 ktoe,0 ktoe,0 ktoe,0 ktoe,0 ktoe,0 ktoe,-16 ktoe,0 ktoe,0 ktoe,-16 ktoe,Other transformation,2013
17,0 ktoe,0 ktoe,-28 ktoe,0 ktoe,0 ktoe,0 ktoe,0 ktoe,0 ktoe,-34 ktoe,0 ktoe,-62 ktoe,Energy industry own use,2013
18,0 ktoe,0 ktoe,0 ktoe,0 ktoe,0 ktoe,0 ktoe,0 ktoe,0 ktoe,-55 ktoe,0 ktoe,-55 ktoe,Losses,2013
19,0 ktoe,0 ktoe,935 ktoe,0 ktoe,0 ktoe,0 ktoe,0 ktoe,1022 ktoe,275 ktoe,0 ktoe,2232 ktoe,Total final consumption,2013
20,0 ktoe,0 ktoe,155 ktoe,0 ktoe,0 ktoe,0 ktoe,0 ktoe,71 ktoe,92 ktoe,0 ktoe,318 ktoe,Industry,2013
21,0 ktoe,0 ktoe,572 ktoe,0 ktoe,0 ktoe,0 ktoe,0 ktoe,0 ktoe,0 ktoe,0 ktoe,572 ktoe,Transport,2013
22,0 ktoe,0 ktoe,44 ktoe,0 ktoe,0 ktoe,0 ktoe,0 ktoe,882 ktoe,89 ktoe,0 ktoe,1015 ktoe,Residential,2013
23,0 ktoe,0 ktoe,121 ktoe,0 ktoe,0 ktoe,0 ktoe,0 ktoe,38 ktoe,87 ktoe,0 ktoe,245 ktoe,Commercial and public services,2013
24,0 ktoe,0 ktoe,11 ktoe,0 ktoe,0 ktoe,0 ktoe,0 ktoe,31 ktoe,8 ktoe,0 ktoe,50 ktoe,Agriculture / forestry,2013
25,0 ktoe,0 ktoe,0 ktoe,0 ktoe,0 ktoe,0 ktoe,0 ktoe,0 ktoe,0 ktoe,0 ktoe,0 ktoe,Fishing,2013
26,0 ktoe,0 ktoe,0 ktoe,0 ktoe,0 ktoe,0 ktoe,0 ktoe,1 ktoe,0 ktoe,0 ktoe,1 ktoe,Non-specified,2013
27,0 ktoe,0 ktoe,31 ktoe,0 ktoe,0 ktoe,0 ktoe,0 ktoe,0 ktoe,0 ktoe,0 ktoe,31 ktoe,Non-energy use,2013
0,0 ktoe,0 ktoe,0 ktoe,0 ktoe,0 ktoe,34 ktoe,642 ktoe,1491 ktoe,0 ktoe,0 ktoe,2167 ktoe,Production,2014
1,0 ktoe,694 ktoe,813 ktoe,0 ktoe,0 ktoe,0 ktoe,0 ktoe,0 ktoe,2 ktoe,0 ktoe,1509 ktoe,Imports,2014
2,0 ktoe,0 ktoe,-45 ktoe,0 ktoe,0 ktoe,0 ktoe,0 ktoe,0 ktoe,-4 ktoe,0 ktoe,-49 ktoe,Exports,2014
3,0 ktoe,0 ktoe,0 ktoe,0 ktoe,0 ktoe,0 ktoe,0 ktoe,0 ktoe,0 ktoe,0 ktoe,0 ktoe,International marine bunkers,2014
4,0 ktoe,0 ktoe,-20 ktoe,0 ktoe,0 ktoe,0 ktoe,0 ktoe,0 ktoe,0 ktoe,0 ktoe,-20 ktoe,International aviation bunkers,2014
5,0 ktoe,-47 ktoe,39 ktoe,0 ktoe,0 ktoe,0 ktoe,0 ktoe,0 ktoe,0 ktoe,0 ktoe,-8 ktoe,Stock changes,2014
6,0 ktoe,647 ktoe,788 ktoe,0 ktoe,0 ktoe,34 ktoe,642 ktoe,1491 ktoe,-2 ktoe,0 ktoe,3599 ktoe,TPES,2014
7,0 ktoe,0 ktoe,0 ktoe,0 ktoe,0 ktoe,0 ktoe,0 ktoe,0 ktoe,0 ktoe,0 ktoe,0 ktoe,Transfers,2014
8,0 ktoe,49 ktoe,6 ktoe,0 ktoe,0 ktoe,0 ktoe,0 ktoe,0 ktoe,-1 ktoe,0 ktoe,53 ktoe,Statistical differences,2014
9,0 ktoe,0 ktoe,-451 ktoe,0 ktoe,0 ktoe,-34 ktoe,-642 ktoe,-447 ktoe,383 ktoe,0 ktoe,-1190 ktoe,Electricity plants,2014
10,0 ktoe,0 ktoe,0 ktoe,0 ktoe,0 ktoe,0 ktoe,0 ktoe,0 ktoe,0 ktoe,0 ktoe,0 ktoe,CHP plants,2014
11,0 ktoe,0 ktoe,0 ktoe,0 ktoe,0 ktoe,0 ktoe,0 ktoe,0 ktoe,0 ktoe,0 ktoe,0 ktoe,Heat plants,2014
12,0 ktoe,0 ktoe,0 ktoe,0 ktoe,0 ktoe,0 ktoe,0 ktoe,0 ktoe,0 ktoe,0 ktoe,0 ktoe,Gas works,2014
13,0 ktoe,-696 ktoe,695 ktoe,0 ktoe,0 ktoe,0 ktoe,0 ktoe,0 ktoe,0 ktoe,0 ktoe,-1 ktoe,Oil refineries,2014
14,0 ktoe,0 ktoe,0 ktoe,0 ktoe,0 ktoe,0 ktoe,0 ktoe,0 ktoe,0 ktoe,0 ktoe,0 ktoe,Coal transformation,2014
15,0 ktoe,0 ktoe,0 ktoe,0 ktoe,0 ktoe,0 ktoe,0 ktoe,0 ktoe,0 ktoe,0 ktoe,0 ktoe,Liquefication plants,2014
16,0 ktoe,0 ktoe,0 ktoe,0 ktoe,0 ktoe,0 ktoe,0 ktoe,-8 ktoe,0 ktoe,0 ktoe,-8 ktoe,Other transformation,2014
17,0 ktoe,0 ktoe,-29 ktoe,0 ktoe,0 ktoe,0 ktoe,0 ktoe,0 ktoe,-14 ktoe,0 ktoe,-43 ktoe,Energy industry own use,2014
18,0 ktoe,0 ktoe,0 ktoe,0 ktoe,0 ktoe,0 ktoe,0 ktoe,0 ktoe,-80 ktoe,0 ktoe,-80 ktoe,Losses,2014
19,0 ktoe,0 ktoe,1009 ktoe,0 ktoe,0 ktoe,0 ktoe,0 ktoe,1036 ktoe,286 ktoe,0 ktoe,2331 ktoe,Total final consumption,2014
20,0 ktoe,0 ktoe,167 ktoe,0 ktoe,0 ktoe,0 ktoe,0 ktoe,65 ktoe,95 ktoe,0 ktoe,327 ktoe,Industry,2014
21,0 ktoe,0 ktoe,625 ktoe,0 ktoe,0 ktoe,0 ktoe,0 ktoe,0 ktoe,0 ktoe,0 ktoe,625 ktoe,Transport,2014
22,0 ktoe,0 ktoe,46 ktoe,0 ktoe,0 ktoe,0 ktoe,0 ktoe,896 ktoe,92 ktoe,0 ktoe,1034 ktoe,Residential,2014
23,0 ktoe,0 ktoe,129 ktoe,0 ktoe,0 ktoe,0 ktoe,0 ktoe,38 ktoe,89 ktoe,0 ktoe,257 ktoe,Commercial and public services,2014
24,0 ktoe,0 ktoe,12 ktoe,0 ktoe,0 ktoe,0 ktoe,0 ktoe,36 ktoe,10 ktoe,0 ktoe,58 ktoe,Agriculture / forestry,2014
25,0 ktoe,0 ktoe,0 ktoe,0 ktoe,0 ktoe,0 ktoe,0 ktoe,0 ktoe,0 ktoe,0 ktoe,0 ktoe,Fishing,2014
26,0 ktoe,0 ktoe,0 ktoe,0 ktoe,0 ktoe,0 ktoe,0 ktoe,1 ktoe,0 ktoe,0 ktoe,1 ktoe,Non-specified,2014
27,0 ktoe,0 ktoe,29 ktoe,0 ktoe,0 ktoe,0 ktoe,0 ktoe,0 ktoe,0 ktoe,0 ktoe,29 ktoe,Non-energy use,2014
0,0 ktoe,0 ktoe,0 ktoe,0 ktoe,0 ktoe,25 ktoe,658 ktoe,1520 ktoe,0 ktoe,0 ktoe,2203 ktoe,Production,2015
1,0 ktoe,771 ktoe,943 ktoe,0 ktoe,0 ktoe,0 ktoe,0 ktoe,0 ktoe,3 ktoe,0 ktoe,1717 ktoe,Imports,2015
2,0 ktoe,0 ktoe,-32 ktoe,0 ktoe,0 ktoe,0 ktoe,0 ktoe,0 ktoe,-2 ktoe,0 ktoe,-34 ktoe,Exports,2015
3,0 ktoe,0 ktoe,0 ktoe,0 ktoe,0 ktoe,0 ktoe,0 ktoe,0 ktoe,0 ktoe,0 ktoe,0 ktoe,International marine bunkers,2015
4,0 ktoe,0 ktoe,-23 ktoe,0 ktoe,0 ktoe,0 ktoe,0 ktoe,0 ktoe,0 ktoe,0 ktoe,-23 ktoe,International aviation bunkers,2015
5,0 ktoe,-54 ktoe,50 ktoe,0 ktoe,0 ktoe,0 ktoe,0 ktoe,0 ktoe,0 ktoe,0 ktoe,-4 ktoe,Stock changes,2015
6,0 ktoe,717 ktoe,939 ktoe,0 ktoe,0 ktoe,25 ktoe,658 ktoe,1520 ktoe,1 ktoe,0 ktoe,3860 ktoe,TPES,2015
7,0 ktoe,0 ktoe,0 ktoe,0 ktoe,0 ktoe,0 ktoe,0 ktoe,0 ktoe,0 ktoe,0 ktoe,0 ktoe,Transfers,2015
8,0 ktoe,56 ktoe,3 ktoe,0 ktoe,0 ktoe,0 ktoe,0 ktoe,0 ktoe,0 ktoe,0 ktoe,59 ktoe,Statistical differences,2015
9,0 ktoe,0 ktoe,-507 ktoe,0 ktoe,0 ktoe,-25 ktoe,-658 ktoe,-472 ktoe,394 ktoe,0 ktoe,-1268 ktoe,Electricity plants,2015
10,0 ktoe,0 ktoe,0 ktoe,0 ktoe,0 ktoe,0 ktoe,0 ktoe,0 ktoe,0 ktoe,0 ktoe,0 ktoe,CHP plants,2015
11,0 ktoe,0 ktoe,0 ktoe,0 ktoe,0 ktoe,0 ktoe,0 ktoe,0 ktoe,0 ktoe,0 ktoe,0 ktoe,Heat plants,2015
12,0 ktoe,0 ktoe,0 ktoe,0 ktoe,0 ktoe,0 ktoe,0 ktoe,0 ktoe,0 ktoe,0 ktoe,0 ktoe,Gas works,2015
13,0 ktoe,-773 ktoe,730 ktoe,0 ktoe,0 ktoe,0 ktoe,0 ktoe,0 ktoe,0 ktoe,0 ktoe,-43 ktoe,Oil refineries,2015
14,0 ktoe,0 ktoe,0 ktoe,0 ktoe,0 ktoe,0 ktoe,0 ktoe,0 ktoe,0 ktoe,0 ktoe,0 ktoe,Coal transformation,2015
15,0 ktoe,0 ktoe,0 ktoe,0 ktoe,0 ktoe,0 ktoe,0 ktoe,0 ktoe,0 ktoe,0 ktoe,0 ktoe,Liquefication plants,2015
16,0 ktoe,0 ktoe,0 ktoe,0 ktoe,0 ktoe,0 ktoe,0 ktoe,-8 ktoe,0 ktoe,0 ktoe,-8 ktoe,Other transformation,2015
17,0 ktoe,0 ktoe,-18 ktoe,0 ktoe,0 ktoe,0 ktoe,0 ktoe,0 ktoe,-31 ktoe,0 ktoe,-50 ktoe,Energy industry own use,2015
18,0 ktoe,0 ktoe,0 ktoe,0 ktoe,0 ktoe,0 ktoe,0 ktoe,0 ktoe,-72 ktoe,0 ktoe,-72 ktoe,Losses,2015
19,0 ktoe,0 ktoe,1147 ktoe,0 ktoe,0 ktoe,0 ktoe,0 ktoe,1040 ktoe,292 ktoe,0 ktoe,2478 ktoe,Total final consumption,2015
20,0 ktoe,0 ktoe,189 ktoe,0 ktoe,0 ktoe,0 ktoe,0 ktoe,66 ktoe,97 ktoe,0 ktoe,352 ktoe,Industry,2015
21,0 ktoe,0 ktoe,707 ktoe,0 ktoe,0 ktoe,0 ktoe,0 ktoe,0 ktoe,0 ktoe,0 ktoe,707 ktoe,Transport,2015
22,0 ktoe,0 ktoe,53 ktoe,0 ktoe,0 ktoe,0 ktoe,0 ktoe,897 ktoe,94 ktoe,0 ktoe,1044 ktoe,Residential,2015
23,0 ktoe,0 ktoe,146 ktoe,0 ktoe,0 ktoe,0 ktoe,0 ktoe,38 ktoe,91 ktoe,0 ktoe,276 ktoe,Commercial and public services,2015
24,0 ktoe,0 ktoe,15 ktoe,0 ktoe,0 ktoe,0 ktoe,0 ktoe,38 ktoe,10 ktoe,0 ktoe,62 ktoe,Agriculture / forestry,2015
25,0 ktoe,0 ktoe,0 ktoe,0 ktoe,0 ktoe,0 ktoe,0 ktoe,0 ktoe,0 ktoe,0 ktoe,0 ktoe,Fishing,2015
26,0 ktoe,0 ktoe,0 ktoe,0 ktoe,0 ktoe,0 ktoe,0 ktoe,0 ktoe,0 ktoe,0 ktoe,0 ktoe,Non-specified,2015
27,0 ktoe,0 ktoe,38 ktoe,0 ktoe,0 ktoe,0 ktoe,0 ktoe,0 ktoe,0 ktoe,0 ktoe,38 ktoe,Non-energy use,2015
0,0 ktoe,0 ktoe,0 ktoe,0 ktoe,0 ktoe,37 ktoe,670 ktoe,1518 ktoe,0 ktoe,0 ktoe,2224 ktoe,Production,2016
1,0 ktoe,632 ktoe,1103 ktoe,0 ktoe,0 ktoe,0 ktoe,0 ktoe,0 ktoe,18 ktoe,0 ktoe,1753 ktoe,Imports,2016
2,0 ktoe,0 ktoe,-17 ktoe,0 ktoe,0 ktoe,0 ktoe,0 ktoe,0 ktoe,-2 ktoe,0 ktoe,-18 ktoe,Exports,2016
3,0 ktoe,0 ktoe,0 ktoe,0 ktoe,0 ktoe,0 ktoe,0 ktoe,0 ktoe,0 ktoe,0 ktoe,0 ktoe,International marine bunkers,2016
4,0 ktoe,0 ktoe,-23 ktoe,0 ktoe,0 ktoe,0 ktoe,0 ktoe,0 ktoe,0 ktoe,0 ktoe,-23 ktoe,International aviation bunkers,2016
5,0 ktoe,48 ktoe,-14 ktoe,0 ktoe,0 ktoe,0 ktoe,0 ktoe,0 ktoe,0 ktoe,0 ktoe,34 ktoe,Stock changes,2016
6,0 ktoe,680 ktoe,1050 ktoe,0 ktoe,0 ktoe,37 ktoe,670 ktoe,1518 ktoe,16 ktoe,0 ktoe,3971 ktoe,TPES,2016
7,0 ktoe,0 ktoe,0 ktoe,0 ktoe,0 ktoe,0 ktoe,0 ktoe,0 ktoe,0 ktoe,0 ktoe,0 ktoe,Transfers,2016
8,0 ktoe,-15 ktoe,-10 ktoe,0 ktoe,0 ktoe,0 ktoe,0 ktoe,-2 ktoe,4 ktoe,0 ktoe,-23 ktoe,Statistical differences,2016
9,0 ktoe,0 ktoe,-490 ktoe,0 ktoe,0 ktoe,-37 ktoe,-670 ktoe,-400 ktoe,395 ktoe,0 ktoe,-1202 ktoe,Electricity plants,2016
10,0 ktoe,0 ktoe,0 ktoe,0 ktoe,0 ktoe,0 ktoe,0 ktoe,0 ktoe,0 ktoe,0 ktoe,0 ktoe,CHP plants,2016
11,0 ktoe,0 ktoe,0 ktoe,0 ktoe,0 ktoe,0 ktoe,0 ktoe,0 ktoe,0 ktoe,0 ktoe,0 ktoe,Heat plants,2016
12,0 ktoe,0 ktoe,0 ktoe,0 ktoe,0 ktoe,0 ktoe,0 ktoe,0 ktoe,0 ktoe,0 ktoe,0 ktoe,Gas works,2016
13,0 ktoe,-666 ktoe,659 ktoe,0 ktoe,0 ktoe,0 ktoe,0 ktoe,0 ktoe,0 ktoe,0 ktoe,-7 ktoe,Oil refineries,2016
14,0 ktoe,0 ktoe,0 ktoe,0 ktoe,0 ktoe,0 ktoe,0 ktoe,0 ktoe,0 ktoe,0 ktoe,0 ktoe,Coal transformation,2016
15,0 ktoe,0 ktoe,0 ktoe,0 ktoe,0 ktoe,0 ktoe,0 ktoe,0 ktoe,0 ktoe,0 ktoe,0 ktoe,Liquefication plants,2016
16,0 ktoe,0 ktoe,0 ktoe,0 ktoe,0 ktoe,0 ktoe,0 ktoe,-17 ktoe,0 ktoe,0 ktoe,-17 ktoe,Other transformation,2016
17,0 ktoe,0 ktoe,-28 ktoe,0 ktoe,0 ktoe,0 ktoe,0 ktoe,0 ktoe,-17 ktoe,0 ktoe,-45 ktoe,Energy industry own use,2016
18,0 ktoe,0 ktoe,0 ktoe,0 ktoe,0 ktoe,0 ktoe,0 ktoe,0 ktoe,-83 ktoe,0 ktoe,-83 ktoe,Losses,2016
19,0 ktoe,0 ktoe,1180 ktoe,0 ktoe,0 ktoe,0 ktoe,0 ktoe,1100 ktoe,315 ktoe,0 ktoe,2595 ktoe,Total final consumption,2016
20,0 ktoe,0 ktoe,189 ktoe,0 ktoe,0 ktoe,0 ktoe,0 ktoe,72 ktoe,101 ktoe,0 ktoe,362 ktoe,Industry,2016
21,0 ktoe,0 ktoe,728 ktoe,0 ktoe,0 ktoe,0 ktoe,0 ktoe,0 ktoe,0 ktoe,0 ktoe,728 ktoe,Transport,2016
22,0 ktoe,0 ktoe,56 ktoe,0 ktoe,0 ktoe,0 ktoe,0 ktoe,955 ktoe,104 ktoe,0 ktoe,1114 ktoe,Residential,2016
23,0 ktoe,0 ktoe,151 ktoe,0 ktoe,0 ktoe,0 ktoe,0 ktoe,42 ktoe,101 ktoe,0 ktoe,294 ktoe,Commercial and public services,2016
24,0 ktoe,0 ktoe,15 ktoe,0 ktoe,0 ktoe,0 ktoe,0 ktoe,31 ktoe,10 ktoe,0 ktoe,55 ktoe,Agriculture / forestry,2016
25,0 ktoe,0 ktoe,0 ktoe,0 ktoe,0 ktoe,0 ktoe,0 ktoe,0 ktoe,0 ktoe,0 ktoe,0 ktoe,Fishing,2016
26,0 ktoe,0 ktoe,0 ktoe,0 ktoe,0 ktoe,0 ktoe,0 ktoe,0 ktoe,0 ktoe,0 ktoe,0 ktoe,Non-specified,2016
27,0 ktoe,0 ktoe,42 ktoe,0 ktoe,0 ktoe,0 ktoe,0 ktoe,0 ktoe,0 ktoe,0 ktoe,42 ktoe,Non-energy use,2016
0,0 ktoe,0 ktoe,0 ktoe,0 ktoe,0 ktoe,40 ktoe,701 ktoe,1488 ktoe,0 ktoe,0 ktoe,2230 ktoe,Production,2017
1,0 ktoe,725 ktoe,1031 ktoe,0 ktoe,0 ktoe,0 ktoe,0 ktoe,0 ktoe,28 ktoe,0 ktoe,1783 ktoe,Imports,2017
2,0 ktoe,0 ktoe,-21 ktoe,0 ktoe,0 ktoe,0 ktoe,0 ktoe,0 ktoe,0 ktoe,0 ktoe,-21 ktoe,Exports,2017
3,0 ktoe,0 ktoe,0 ktoe,0 ktoe,0 ktoe,0 ktoe,0 ktoe,0 ktoe,0 ktoe,0 ktoe,0 ktoe,International marine bunkers,2017
4,0 ktoe,0 ktoe,-25 ktoe,0 ktoe,0 ktoe,0 ktoe,0 ktoe,0 ktoe,0 ktoe,0 ktoe,-25 ktoe,International aviation bunkers,2017
5,0 ktoe,-22 ktoe,16 ktoe,0 ktoe,0 ktoe,0 ktoe,0 ktoe,0 ktoe,0 ktoe,0 ktoe,-6 ktoe,Stock changes,2017
6,0 ktoe,702 ktoe,1001 ktoe,0 ktoe,0 ktoe,40 ktoe,701 ktoe,1488 ktoe,28 ktoe,0 ktoe,3961 ktoe,TPES,2017
7,0 ktoe,0 ktoe,0 ktoe,0 ktoe,0 ktoe,0 ktoe,0 ktoe,0 ktoe,0 ktoe,0 ktoe,0 ktoe,Transfers,2017
8,0 ktoe,-18 ktoe,19 ktoe,0 ktoe,0 ktoe,0 ktoe,0 ktoe,0 ktoe,0 ktoe,0 ktoe,1 ktoe,Statistical differences,2017
9,0 ktoe,0 ktoe,-434 ktoe,0 ktoe,0 ktoe,-40 ktoe,-701 ktoe,-447 ktoe,389 ktoe,0 ktoe,-1234 ktoe,Electricity plants,2017
10,0 ktoe,0 ktoe,0 ktoe,0 ktoe,0 ktoe,0 ktoe,0 ktoe,0 ktoe,0 ktoe,0 ktoe,0 ktoe,CHP plants,2017
11,0 ktoe,0 ktoe,0 ktoe,0 ktoe,0 ktoe,0 ktoe,0 ktoe,0 ktoe,0 ktoe,0 ktoe,0 ktoe,Heat plants,2017
12,0 ktoe,0 ktoe,0 ktoe,0 ktoe,0 ktoe,0 ktoe,0 ktoe,0 ktoe,0 ktoe,0 ktoe,0 ktoe,Gas works,2017
13,0 ktoe,-684 ktoe,676 ktoe,0 ktoe,0 ktoe,0 ktoe,0 ktoe,0 ktoe,0 ktoe,0 ktoe,-8 ktoe,Oil refineries,2017
14,0 ktoe,0 ktoe,0 ktoe,0 ktoe,0 ktoe,0 ktoe,0 ktoe,0 ktoe,0 ktoe,0 ktoe,0 ktoe,Coal transformation,2017
15,0 ktoe,0 ktoe,0 ktoe,0 ktoe,0 ktoe,0 ktoe,0 ktoe,0 ktoe,0 ktoe,0 ktoe,0 ktoe,Liquefication plants,2017
16,0 ktoe,0 ktoe,0 ktoe,0 ktoe,0 ktoe,0 ktoe,0 ktoe,-8 ktoe,0 ktoe,0 ktoe,-8 ktoe,Other transformation,2017
17,0 ktoe,0 ktoe,-10 ktoe,0 ktoe,0 ktoe,0 ktoe,0 ktoe,0 ktoe,-35 ktoe,0 ktoe,-45 ktoe,Energy industry own use,2017
18,0 ktoe,0 ktoe,0 ktoe,0 ktoe,0 ktoe,0 ktoe,0 ktoe,0 ktoe,-86 ktoe,0 ktoe,-86 ktoe,Losses,2017
19,0 ktoe,0 ktoe,1251 ktoe,0 ktoe,0 ktoe,0 ktoe,0 ktoe,1033 ktoe,297 ktoe,0 ktoe,2581 ktoe,Total final consumption,2017
20,0 ktoe,0 ktoe,197 ktoe,0 ktoe,0 ktoe,0 ktoe,0 ktoe,65 ktoe,99 ktoe,0 ktoe,361 ktoe,Industry,2017
21,0 ktoe,0 ktoe,777 ktoe,0 ktoe,0 ktoe,0 ktoe,0 ktoe,0 ktoe,0 ktoe,0 ktoe,777 ktoe,Transport,2017
22,0 ktoe,0 ktoe,60 ktoe,0 ktoe,0 ktoe,0 ktoe,0 ktoe,900 ktoe,95 ktoe,0 ktoe,1056 ktoe,Residential,2017
23,0 ktoe,0 ktoe,164 ktoe,0 ktoe,0 ktoe,0 ktoe,0 ktoe,38 ktoe,93 ktoe,0 ktoe,295 ktoe,Commercial and public services,2017
24,0 ktoe,0 ktoe,15 ktoe,0 ktoe,0 ktoe,0 ktoe,0 ktoe,30 ktoe,10 ktoe,0 ktoe,55 ktoe,Agriculture / forestry,2017
25,0 ktoe,0 ktoe,0 ktoe,0 ktoe,0 ktoe,0 ktoe,0 ktoe,0 ktoe,0 ktoe,0 ktoe,0 ktoe,Fishing,2017
26,0 ktoe,0 ktoe,0 ktoe,0 ktoe,0 ktoe,0 ktoe,0 ktoe,0 ktoe,0 ktoe,0 ktoe,0 ktoe,Non-specified,2017
27,0 ktoe,0 ktoe,38 ktoe,0 ktoe,0 ktoe,0 ktoe,0 ktoe,0 ktoe,0 ktoe,0 ktoe,38 ktoe,Non-energy use,2017
0,0 ktoe,0 ktoe,0 ktoe,0 ktoe,0 ktoe,0 ktoe,0 ktoe,0 ktoe,0 ktoe,0 ktoe,0 ktoe,Production,2018
1,0 ktoe,0 ktoe,0 ktoe,0 ktoe,0 ktoe,0 ktoe,0 ktoe,0 ktoe,0 ktoe,0 ktoe,0 ktoe,Imports,2018
2,0 ktoe,0 ktoe,0 ktoe,0 ktoe,0 ktoe,0 ktoe,0 ktoe,0 ktoe,0 ktoe,0 ktoe,0 ktoe,Exports,2018
3,0 ktoe,0 ktoe,0 ktoe,0 ktoe,0 ktoe,0 ktoe,0 ktoe,0 ktoe,0 ktoe,0 ktoe,0 ktoe,International marine bunkers,2018
4,0 ktoe,0 ktoe,0 ktoe,0 ktoe,0 ktoe,0 ktoe,0 ktoe,0 ktoe,0 ktoe,0 ktoe,0 ktoe,International aviation bunkers,2018
5,0 ktoe,0 ktoe,0 ktoe,0 ktoe,0 ktoe,0 ktoe,0 ktoe,0 ktoe,0 ktoe,0 ktoe,0 ktoe,Stock changes,2018
6,0 ktoe,0 ktoe,0 ktoe,0 ktoe,0 ktoe,0 ktoe,0 ktoe,0 ktoe,0 ktoe,0 ktoe,0 ktoe,TPES,2018
7,0 ktoe,0 ktoe,0 ktoe,0 ktoe,0 ktoe,0 ktoe,0 ktoe,0 ktoe,0 ktoe,0 ktoe,0 ktoe,Transfers,2018
8,0 ktoe,0 ktoe,0 ktoe,0 ktoe,0 ktoe,0 ktoe,0 ktoe,0 ktoe,0 ktoe,0 ktoe,0 ktoe,Statistical differences,2018
9,0 ktoe,0 ktoe,0 ktoe,0 ktoe,0 ktoe,0 ktoe,0 ktoe,0 ktoe,0 ktoe,0 ktoe,0 ktoe,Electricity plants,2018
10,0 ktoe,0 ktoe,0 ktoe,0 ktoe,0 ktoe,0 ktoe,0 ktoe,0 ktoe,0 ktoe,0 ktoe,0 ktoe,CHP plants,2018
11,0 ktoe,0 ktoe,0 ktoe,0 ktoe,0 ktoe,0 ktoe,0 ktoe,0 ktoe,0 ktoe,0 ktoe,0 ktoe,Heat plants,2018
12,0 ktoe,0 ktoe,0 ktoe,0 ktoe,0 ktoe,0 ktoe,0 ktoe,0 ktoe,0 ktoe,0 ktoe,0 ktoe,Gas works,2018
13,0 ktoe,0 ktoe,0 ktoe,0 ktoe,0 ktoe,0 ktoe,0 ktoe,0 ktoe,0 ktoe,0 ktoe,0 ktoe,Oil refineries,2018
14,0 ktoe,0 ktoe,0 ktoe,0 ktoe,0 ktoe,0 ktoe,0 ktoe,0 ktoe,0 ktoe,0 ktoe,0 ktoe,Coal transformation,2018
15,0 ktoe,0 ktoe,0 ktoe,0 ktoe,0 ktoe,0 ktoe,0 ktoe,0 ktoe,0 ktoe,0 ktoe,0 ktoe,Liquefication plants,2018
16,0 ktoe,0 ktoe,0 ktoe,0 ktoe,0 ktoe,0 ktoe,0 ktoe,0 ktoe,0 ktoe,0 ktoe,0 ktoe,Other transformation,2018
17,0 ktoe,0 ktoe,0 ktoe,0 ktoe,0 ktoe,0 ktoe,0 ktoe,0 ktoe,0 ktoe,0 ktoe,0 ktoe,Energy industry own use,2018
18,0 ktoe,0 ktoe,0 ktoe,0 ktoe,0 ktoe,0 ktoe,0 ktoe,0 ktoe,0 ktoe,0 ktoe,0 ktoe,Losses,2018
19,0 ktoe,0 ktoe,0 ktoe,0 ktoe,0 ktoe,0 ktoe,0 ktoe,0 ktoe,0 ktoe,0 ktoe,0 ktoe,Total final consumption,2018
20,0 ktoe,0 ktoe,0 ktoe,0 ktoe,0 ktoe,0 ktoe,0 ktoe,0 ktoe,0 ktoe,0 ktoe,0 ktoe,Industry,2018
21,0 ktoe,0 ktoe,0 ktoe,0 ktoe,0 ktoe,0 ktoe,0 ktoe,0 ktoe,0 ktoe,0 ktoe,0 ktoe,Transport,2018
22,0 ktoe,0 ktoe,0 ktoe,0 ktoe,0 ktoe,0 ktoe,0 ktoe,0 ktoe,0 ktoe,0 ktoe,0 ktoe,Residential,2018
23,0 ktoe,0 ktoe,0 ktoe,0 ktoe,0 ktoe,0 ktoe,0 ktoe,0 ktoe,0 ktoe,0 ktoe,0 ktoe,Commercial and public services,2018
24,0 ktoe,0 ktoe,0 ktoe,0 ktoe,0 ktoe,0 ktoe,0 ktoe,0 ktoe,0 ktoe,0 ktoe,0 ktoe,Agriculture / forestry,2018
25,0 ktoe,0 ktoe,0 ktoe,0 ktoe,0 ktoe,0 ktoe,0 ktoe,0 ktoe,0 ktoe,0 ktoe,0 ktoe,Fishing,2018
26,0 ktoe,0 ktoe,0 ktoe,0 ktoe,0 ktoe,0 ktoe,0 ktoe,0 ktoe,0 ktoe,0 ktoe,0 ktoe,Non-specified,2018
27,0 ktoe,0 ktoe,0 ktoe,0 ktoe,0 ktoe,0 ktoe,0 ktoe,0 ktoe,0 ktoe,0 ktoe,0 ktoe,Non-energy use,2018
